1737148656.811496 2.909353897953033 2.044109638118744 0.0 2.0663341363893073 0.0 2.909351096831521 2.0440944985730125 2.0968452967015046e-08 0.1927520683846158 0.0 3.2215887254427868e-06 2.0663341363893073 0.0 
1737148656.831571 2.9093626002311703 2.0441137508392333 0.0 2.066323833121046 0.0 2.909351097034789 2.0440944985976173 2.091620684133648e-08 0.19804616387072688 0.0 8.411562485380137e-06 2.066323833121046 0.0 
1737148656.8515487 2.909387574577331 2.044088359260559 0.0 2.06633365844831 0.0 2.90935109723707 2.0440944986221026 2.0864214497268618e-08 0.2033145436877388 0.0 1.8897143118003985e-05 2.06633365844831 0.0 
1737148656.8715444 2.909320459747314 2.044094140911102 0.0 2.066430691020812 0.0 2.9093510974395342 2.04409449864661 2.0812174995737642e-08 0.2085877019664904 0.0 -1.614273103520898e-05 2.066430691020812 0.0 
1737148656.8915274 2.9093260029792782 2.0441009954452514 0.0 2.0664921437303674 0.0 2.9093510976418706 2.044094498671102 2.0760168380332258e-08 0.21385752789692353 0.0 -1.2209353048078815e-05 2.0664921437303674 0.0 
1737148656.9115956 2.9093540171623227 2.0440803126335143 0.0 2.0663884368374674 0.0 2.909351097845069 2.0440944986956984 2.070794024894883e-08 0.21914980002263393 0.0 -1.0092548491238111e-07 2.0663884368374674 0.0 
1737148656.9315724 2.909353659534454 2.0440801934242248 0.0 2.066431426955817 0.0 2.9093510980473427 2.044094498720183 2.0655949766359773e-08 0.22441799121615613 0.0 -3.286482018199249e-07 2.066431426955817 0.0 
1737148656.9515445 2.909365878486633 2.04409074344635 0.0 2.0663731970035237 0.0 2.909351098249568 2.044094498744661 2.060397169362943e-08 0.2296849249197468 0.0 6.779181225702746e-06 2.0663731970035237 0.0 
1737148656.9715776 2.9093423942565915 2.0440810874938964 0.0 2.0662660810212397 0.0 2.909351098452411 2.0440944987692147 2.0551834774707548e-08 0.23496795449446067 0.0 -5.649987275941997e-06 2.0662660810212397 0.0 
1737148656.991648 2.909348831558227 2.044087882423401 0.0 2.0664636909665215 0.0 2.9093510986556312 2.0440944987938137 2.0499601058887696e-08 0.24026079249064025 0.0 -1.7922155632138637e-06 2.0664636909665215 0.0 
1737148657.011534 2.9093367914199826 2.044081981563568 0.0 2.066521038872781 0.0 2.9093510988569853 2.0440944988181866 2.044784698410714e-08 0.24550502850096736 0.0 -7.940264698886443e-06 2.066521038872781 0.0 
1737148657.0316622 2.909358129882812 2.0440813855171203 0.0 2.066388275186709 0.0 2.9093510990607916 2.0440944988428567 2.039546248850392e-08 0.25081314499981466 0.0 1.6578520768139483e-06 2.066388275186709 0.0 
1737148657.0516562 2.909351811790466 2.0440781072616576 0.0 2.0662487309543445 0.0 2.909351099263239 2.044094498867362 2.034342733042349e-08 0.25608586315709025 0.0 -1.5394564028067973e-06 2.0662487309543445 0.0 
1737148657.0716727 2.909378037834167 2.0440772727966308 0.0 2.0663000751405094 0.0 2.9093510994659133 2.0440944988918948 2.0291333846007107e-08 0.2613644915170439 0.0 9.529595303471228e-06 2.0663000751405094 0.0 
1737148657.091682 2.909365044021606 2.0440879420280456 0.0 2.0662625101591887 0.0 2.9093510996685152 2.0440944989164187 2.0239258976378795e-08 0.2666412336421003 0.0 5.0730367296048485e-06 2.0662625101591887 0.0 
1737148657.1116357 2.909361050510406 2.0440791801452636 0.0 2.0662540872250115 0.0 2.909351099870555 2.0440944989408747 2.01873286816045e-08 0.27190332600945466 0.0 2.3246931499378666e-06 2.0662540872250115 0.0 
1737148657.131609 2.9093540767669674 2.0440818623542785 0.0 2.066251290591743 0.0 2.9093511000727923 2.044094498965355 2.013534750640948e-08 0.27717057408552825 0.0 -2.2457264373206285e-07 2.066251290591743 0.0 
1737148657.151724 2.909348414325714 2.0440831140518188 0.0 2.0661678578105778 0.0 2.9093511002764663 2.0440944989900087 2.008299713791772e-08 0.2824752324870639 0.0 -2.289429925568751e-06 2.0661678578105778 0.0 
1737148657.171633 2.9093530038833615 2.0440764979362487 0.0 2.066327024676966 0.0 2.9093511004780517 2.0440944990144096 2.0031183495815336e-08 0.2877255044490622 0.0 -1.2669025461546977e-06 2.066327024676966 0.0 
1737148657.1915183 2.90936534204483 2.0440857962608336 0.0 2.0662964252720344 0.0 2.909351100679398 2.044094499038782 1.9979431282513587e-08 0.2929695518358996 0.0 4.270315952938633e-06 2.0662964252720344 0.0 
1737148657.211767 2.9093545536041256 2.044093962097168 0.0 2.0661461980917437 0.0 2.909351100884424 2.0440944990635996 1.9926733437977835e-08 0.2983094199555173 0.0 1.1887754070149647e-06 2.0661461980917437 0.0 
1737148657.2318625 2.9093628386497494 2.044082279586792 0.0 2.066269780635147 0.0 2.9093511010879 2.0440944990882293 1.98744339499068e-08 0.30360892264833383 0.0 2.7544153432928376e-06 2.066269780635147 0.0 
1737148657.2518544 2.9093920449256894 2.044082994842529 0.0 2.0663406612181663 0.0 2.9093511012903255 2.0440944991127323 1.98224043762628e-08 0.3088810749351402 0.0 1.2540350932374376e-05 2.0663406612181663 0.0 
1737148657.2718086 2.9093543747901913 2.044073458099365 0.0 2.066235078447449 0.0 2.9093511014923696 2.0440944991371888 1.977047284050263e-08 0.3141432930514878 0.0 -1.1410915292179628e-06 2.066235078447449 0.0 
1737148657.2916813 2.909329996490478 2.0440743521690368 0.0 2.066168109370818 0.0 2.9093509159841537 2.0440943522652875 9.666732032809508e-07 0.2620347661388049 0.0 -1.0186270347573325e-05 2.066168109370818 0.0 
1737148657.3116646 2.9093636135101315 2.044070299053192 0.0 2.066249220127756 0.0 2.9093457392737743 2.044075780933603 4.701386650595052e-06 1.0013458597807001 0.0 7.899764050950167e-08 2.066249220127756 0.0 
1737148657.3314934 2.909376726531982 2.0440691665649413 0.0 2.066227377718932 0.0 2.9093453858174145 2.044075501139061 6.480277080453224e-06 0.8547390974324821 0.0 -4.0713601688504855e-06 2.066227377718932 0.0 
1737148657.3514836 2.9093503812789914 2.0440770343780517 0.0 2.0662470087251377 0.0 2.9093450294838674 2.0440752190669493 8.273647945346674e-06 0.7069389340392738 0.0 6.180414296463615e-06 2.0662470087251377 0.0 
1737148657.3714867 2.909348354721069 2.044075842285156 0.0 2.0662368451586377 0.0 2.9093446729208248 2.0440749368131708 1.0068173822783557e-05 0.5590435806070264 0.0 9.633236954995924e-06 2.0662368451586377 0.0 
1737148657.3915188 2.9093604544639584 2.0440733388900756 0.0 2.0661963525429288 0.0 2.9093443158392933 2.0440746541489587 1.1865309173003756e-05 0.41093316819769066 0.0 1.4152682211035958e-05 2.0661963525429288 0.0 
1737148657.411488 2.9093429903030392 2.044063623332977 0.0 2.0660405171229055 0.0 2.9093439598797377 2.0440743723728976 1.3656797795233831e-05 0.2632881293125461 0.0 1.2026021497362504e-05 2.0660405171229055 0.0 
1737148657.4314992 2.909357414627075 2.044063086891174 0.0 2.066187158646019 0.0 2.909343603172198 2.044074090004736 1.5452050902790657e-05 0.11533284141127398 0.0 2.4229908509025556e-05 2.066187158646019 0.0 
1737148657.451652 2.90937857427597 2.0440667227745055 0.0 2.0661434449356135 0.0 2.9093432439402136 2.044073805638234 1.726000914832526e-05 -0.03366953691942798 0.0 5.134772958277245e-05 2.0661434449356135 0.0 
1737148657.4715576 2.909377024555206 2.0440699414253234 0.0 2.0662323917169414 0.0 2.909342889115383 2.0440735247604165 1.9045786875201687e-05 -0.18084391394487942 0.0 5.9744182665938076e-05 2.0662323917169414 0.0 
1737148657.4915264 2.9093295792579648 2.0440695837974547 0.0 2.066201597243194 0.0 2.9093425331643274 2.0440732429910837 2.0837232719189413e-05 -0.32848542727302243 0.0 5.388279268281379e-06 2.066201597243194 0.0 
1737148657.5115523 2.909336970233917 2.044075663471222 0.0 2.066089753302737 0.0 2.909342176193294 2.0440729604143413 2.2633811952259068e-05 -0.47655000744133935 0.0 1.3428748208478561e-05 2.066089753302737 0.0 
1737148657.5315251 2.9093832234382626 2.0440767959594726 0.0 2.0661709494293854 0.0 2.9093418201699897 2.044072678587817 2.4425621411306764e-05 -0.6242214880039949 0.0 7.775417779472667e-05 2.0661709494293854 0.0 
1737148657.5516872 2.909377024555206 2.044071371936798 0.0 2.0662459600734406 0.0 2.9093414607722585 2.0440723940901107 2.623441383256718e-05 -0.7732926146962251 0.0 7.369532387139046e-05 2.0662459600734406 0.0 
1737148657.5715768 2.9093362549781796 2.0440632657051085 0.0 2.066145257134719 0.0 2.909341106232172 2.0440721134376956 2.80187584883249e-05 -0.9203488855621278 0.0 3.5721818726197934e-05 2.066145257134719 0.0 
1737148657.591735 2.9093419174194333 2.0440796569824218 0.0 2.0661361633655075 0.0 2.909340746906689 2.044071828997181 2.9827187294525345e-05 -1.069390045019846 0.0 1.7853985421016792e-05 2.0661361633655075 0.0 
1737148657.6119335 2.9093538383483883 2.0440682724952697 0.0 2.066197089089287 0.0 2.909340386858722 2.0440715439847508 3.163925225132549e-05 -1.2187308768226872 0.0 4.613689909966297e-05 2.066197089089287 0.0 
1737148657.6316311 2.9093630174636838 2.04406290807724 0.0 2.066253743121698 0.0 2.909340035739812 2.044071266040524 3.340637866453758e-05 -1.3643681109955068 0.0 5.68832882231754e-05 2.066253743121698 0.0 
1737148657.6515114 2.909352884674072 2.044066543960571 0.0 2.066162825840232 0.0 2.909339681365472 2.044070985519313 3.5189889144569486e-05 -1.5113556334998814 0.0 4.4177022575851135e-05 2.066162825840232 0.0 
1737148657.6716137 2.909365640068054 2.044075603866577 0.0 2.0662105681775174 0.0 2.9093393230344677 2.044070701866023 3.699331289641505e-05 -1.65998430278843 0.0 2.5543029074364795e-05 2.0662105681775174 0.0 
1737148657.691492 2.9093766669273373 2.0440778092384337 0.0 2.0661600239429427 0.0 2.909338968694127 2.044070421371726 3.877665226347756e-05 -1.8069577230647988 0.0 1.6149846522488213e-05 2.0661600239429427 0.0 
1737148657.7115707 2.909360871696472 2.0440783456802367 0.0 2.066124168158031 0.0 2.9093386107838635 2.044070138051493 4.057795849232683e-05 -1.955411877281776 0.0 2.125522989477393e-05 2.066124168158031 0.0 
1737148657.7315865 2.9093508581161496 2.044076378726959 0.0 2.0661512153659887 0.0 2.909338253995576 2.0440698556194112 4.237361799318597e-05 -2.1034006579745617 0.0 3.057656784295848e-05 2.0661512153659887 0.0 
1737148657.7516096 2.9093842963218686 2.0440719679832458 0.0 2.066163688988282 0.0 2.9093378970755412 2.0440695730830387 4.4169940556801534e-05 -2.2514440848008697 0.0 2.147270069564659e-05 2.066163688988282 0.0 
1737148657.771623 2.90935073890686 2.0440848425865172 0.0 2.0664397236606815 0.0 2.9093375403297523 2.044069290684599 4.596538616644893e-05 -2.399415237708648 0.0 3.658098894220478e-05 2.0664397236606815 0.0 
1737148657.7915812 2.9093744615554806 2.044075901889801 0.0 2.0661646887582448 0.0 2.9092733978142946 2.044682903818257 0.0025148123118541137 -2.396170777864983 6.63301914602116e-06 0.0026734729347697825 2.0661646887582448 0.0 
1737148657.8114955 2.9093426326751706 2.044078047657013 0.0 2.0661106816243993 0.0 2.909140849601173 2.045954873391539 0.0076293872313641506 -2.2308713210571796 2.0379451019029035e-05 0.008671320390556432 2.0661106816243993 0.0 
1737148657.8315475 2.9093601564407345 2.044079060935974 0.0 2.0662102491237917 0.0 2.909024433395352 2.047228348179862 0.012698972321907566 1.4136665398372348 9.088296801741177e-06 0.017315350125853446 2.0662102491237917 0.0 
1737148657.851566 2.9093728522300717 2.0440807894706725 0.0 2.066115412085082 0.0 2.9088919322793045 2.048507561430799 0.01784316243742584 1.4252330945652725 1.2769989663384652e-05 0.02440750979304624 2.066115412085082 0.0 
1737148657.8715367 2.9093577722549435 2.044091577911377 0.004146091193821567 2.066211083695419 0.0 2.908759748355439 2.0497837123947624 0.022975037963200662 1.4367719603135052 1.6442868982733924e-05 0.031516339764795585 2.066211083695419 0.0 
1737148657.8916326 2.9093654016494748 2.0440943197250365 0.004146091193821567 2.0661143690238437 0.0 2.9086267359445315 2.0510678618694778 0.02813907846218599 1.4483831480239149 2.013876874837402e-05 0.03871965763623571 2.0661143690238437 0.0 
1737148657.911621 2.9093203405380246 2.0441068367004394 0.004146091193821567 2.066068461923864 0.0 2.908494433665374 2.052345155477834 0.033275548984133735 1.45993234548103 2.3814936702907696e-05 0.04591823018166815 2.066068461923864 0.0 
1737148657.9316244 2.909361050510406 2.0440933064460753 0.004146091193821567 2.066150695106702 0.0 2.908362033545842 2.0536233936722224 0.038415818036251104 1.471490083817488 2.7493823262527146e-05 0.05318490486286127 2.066150695106702 0.0 
1737148657.9516191 2.9093863824844357 2.044088597679138 0.0012853365145119768 2.0661743115218725 0.009531601887370981 2.90822969023685 2.0549010833973016 0.043553881490205476 1.4830428629336823 3.1171131277258084e-05 0.060475833455805206 2.0661743115218725 0.0 
1737148657.9715 2.9093424538612362 2.044092829608917 0.0012853365145119768 2.066091110672603 0.009531601887370981 2.908098101245583 2.056171490668783 0.048662659501884364 1.4945297946252663 3.4827479723747086e-05 0.0677568535005639 2.066091110672603 0.0 
1737148657.991571 2.909319446468353 2.044128115558624 0.0012853365145119768 2.0657844460741934 0.009531601887370981 2.9079652529540136 2.057454055676606 0.053820328272843235 1.5061266556993589 3.8518819248598146e-05 0.07509106318931094 2.0657844460741934 0.0 
1737148658.0114956 2.90926711359024 2.044286604309082 0.0012853365145119768 2.065305381109298 0.009531601887370981 2.9078333735977644 2.058727266235665 0.058940379341799715 1.5176389345167343 4.2183235813406216e-05 0.08220805989598647 2.065305381109298 0.0 
1737148658.0315735 2.9091072539329526 2.0445738390922545 0.0012853365145119768 2.0653026225345705 0.009531601887370981 2.907700479542149 2.060010273065987 0.06409982484461212 1.5292397905182615 4.587584694386191e-05 0.08919769334000549 2.0653026225345705 0.0 
1737148658.0515249 2.9088941673278805 2.0449660972595214 0.007840791902970351 2.0655450649776492 -0.058144545072082686 2.907568423441998 2.0612851899740057 0.06922673777452018 1.5407674980209012 4.954517453721203e-05 0.09598311769596737 2.0655450649776492 0.0 
1737148658.0714967 2.90850286283493 2.045847232723236 0.007840791902970351 2.065070550781779 -0.058144545072082686 2.907436231627779 2.062561417114262 0.0743589196333732 1.5523070525497262 5.3218273098906924e-05 0.1019942958951044 2.065070550781779 0.0 
1737148658.0915902 2.908096299552917 2.046579893016815 0.007840791902970351 2.0647910649699197 -0.058144545072082686 2.9073032349975776 2.063845414236391 0.07952234746620213 1.5639168626989515 5.691373437985577e-05 0.10828746264149036 2.0647910649699197 0.0 
1737148658.111846 2.907383070373535 2.0478320673942565 0.007840791902970351 2.0652563636586314 -0.058144545072082686 2.907169163701328 2.0651397865696097 0.08472749786428127 1.575620484764829 6.0639056468279e-05 0.11374974553334356 2.0652563636586314 0.0 
1737148658.1318233 2.906896338844299 2.0487874106407165 0.007840791902970351 2.065187141495128 -0.058144545072082686 2.9070369355914867 2.0664163641208133 0.08986108885529398 1.587163207684378 6.431316354476378e-05 0.11959363532836086 2.065187141495128 0.0 
1737148658.1518528 2.906295047187805 2.049841578388214 0.007840791902970351 2.065122400624011 -0.058144545072082686 2.9069043618841937 2.0676962781936448 0.09500809723513165 1.5987360991938635 6.799687343598702e-05 0.12526820561264423 2.065122400624011 0.0 
1737148658.1717427 2.9054562906265256 2.051643188381195 0.05311935766406823 2.0653988179786893 -0.028823005325195033 2.9067727129262457 2.0689672644049515 0.10011920337820483 1.6102282656179476 7.16548881243028e-05 0.12957212205772037 1.5951814491021628 -0.4701457139884022 
1737148658.1915755 2.9047540883064267 2.052991743469238 0.05311935766406823 2.0640009836963675 -0.028823005325195033 2.90664144112716 2.070234609389459 0.10521566680014027 1.6216875083297266 7.530242302849759e-05 0.13462108232700087 1.6008917581663575 -0.4630339231069815 
1737148658.2114847 2.9035844067573544 2.055151398563385 0.05311935766406823 2.064368487293191 -0.028823005325195033 2.906509664345497 2.0715068296567103 0.11033173553908021 1.6331908329994038 7.896398944281251e-05 0.1381930821759599 1.6035350720697603 -0.460754451233988 
1737148658.2315884 2.90280674495697 2.0567598895072936 0.05311935766406823 2.064235048001766 -0.028823005325195033 2.9063765998582616 2.072791481894958 0.11549779783638163 1.6448065666617218 8.266133620793375e-05 0.14278338633054383 1.6090871354055818 -0.45506525125997643 
1737148658.2516007 2.901904986286163 2.0583781556129455 0.05311935766406823 2.0640892803157413 -0.028823005325195033 2.9062441397720487 2.0740702990291724 0.12064039501989328 1.6563695397306801 8.634188900937997e-05 0.14726441542898594 1.6137407627973297 -0.4502621756294023 
1737148658.2717638 2.9003784517288205 2.0609469369888305 0.10207292160623539 2.0648437030488704 -0.0019211592803102114 2.906110682345245 2.075358744846805 0.12582171270448883 1.6680195746664876 9.005015404331342e-05 0.14998201794264382 1.6401873846519617 -0.4245662682428655 
1737148658.2916882 2.8995058397293088 2.062790270233154 0.10207292160623539 2.064273086959572 -0.0019211592803102114 2.905871337901757 2.07766916846984 0.1302011897402374 1.6740104138264729 8.98726682249637e-05 0.1550539160796427 1.64320059723404 -0.42098261705730705 
1737148658.3114924 2.8981419066429135 2.0655671016216277 0.10207292160623539 2.064749953581319 -0.0019211592803102114 2.905517555177906 2.0810841056573057 0.13375575638840917 1.6740114797001295 8.555356073248437e-05 0.15953581164552114 1.639011033578977 -0.4256533664416098 
1737148658.3315861 2.8971817354202267 2.0673947588443755 0.10207292160623539 2.0653272344613516 -0.0019211592803102114 2.8974107379985217 2.0684818686043855 0.11056468108620289 2.0467106663111103 -0.632120541065279 0.1122010308074212 2.0439612063013186 -0.653486569225312 
1737148658.351485 2.896237240219116 2.0692500428199767 0.12743070812721125 2.0653805285010765 -0.0009672273801111013 2.896355757522389 2.071158378889624 0.11399167159313671 2.0394434797489827 -0.6170093591418693 0.11712380841292436 2.0364059308946056 -0.6459839567483401 
1737148658.3715854 2.8946438292503354 2.0721371129989623 0.12743070812721125 2.0642017106102757 -0.0009672273801111013 2.895290096035709 2.0738619871498813 0.11745335821301245 2.0321027175159507 -0.601745186052117 0.11984025874823087 2.0278761735424307 -0.638070723119962 
1737148658.3916388 2.8936593393325802 2.0742018476963042 0.12743070812721125 2.062601690827006 -0.0009672273801111013 2.8942269246781147 2.0765592778940696 0.12090695591661654 2.0247791084274964 -0.5865166807254054 0.12445689613453118 2.0199327779337537 -0.6291855936186579 
1737148658.4114878 2.892110393428802 2.077399875307083 0.12743070812721125 2.0592272595495547 -0.0009672273801111013 2.8931745860140583 2.0792290858399247 0.12432536478141443 2.017530119871545 -0.5714433392206532 0.12658429032227622 2.0120369453209377 -0.6186336534492701 
1737148658.4316418 2.8910381654739377 2.079557623052597 0.12743070812721125 2.057716772806741 -0.0009672273801111013 2.8921060804713155 2.0819399095373177 0.12779629001124512 2.0101697664835387 -0.5561384288380877 0.13102596342680586 2.0039552005248287 -0.60990000112 
1737148658.451532 2.8899504403114316 2.081702019357681 0.12743070812721125 2.0558936415188644 -0.0009672273801111013 2.8910515676844017 2.084615233284005 0.13122176128009747 2.002905801578007 -0.5410339459361627 0.1353661174054958 1.9959376298663263 -0.6009899575887009 
1737148658.471732 2.8883075574874875 2.085097457551956 0.13466155948504774 2.0529686768469713 -0.1497903887486627 2.889980622573569 2.087332246223029 0.1347006111842451 1.9955286433326223 -0.5256940920090953 0.1372552998600756 1.9882651793207977 -0.5903975895352689 
1737148658.4917169 2.887190447235107 2.0874435857772826 0.13466155948504774 2.0486175258494073 -0.1497903887486627 2.8889210789674866 2.0900203332762937 0.1381424245275955 1.9882300238507356 -0.5105175493625499 0.14127903600868869 1.9804278642002195 -0.5787072110117376 
1737148658.51149 2.8858093480110165 2.09086826004982 0.13466155948504774 2.0370492129498268 -0.1497903887486627 2.887872759902666 2.092679943404331 0.14154777615699038 1.981008724127148 -0.4955017832316402 0.143138390913862 1.9732420608506822 -0.5593089353307847 
1737148658.5315216 2.8849004367828366 2.0929168120861052 0.13466155948504774 2.0297143870004755 -0.1497903887486627 2.8868107514479955 2.095374283836446 0.1449975962956351 1.9736931256442833 -0.4802899349313233 0.1478653095491692 1.9656111395080877 -0.544393182423711 
1737148658.5514848 2.884059057617187 2.0948289290905 0.13081420196287108 2.0216259658307005 -0.36305662941930555 2.8857523581045874 2.098059452646247 0.1484356731345149 1.9664024296961862 -0.4651298682565378 0.15285301255477982 1.9578180856359306 -0.5289377484513077 
1737148658.5715253 2.882992372894287 2.0977621332645415 0.13081420196287108 2.0087140085003417 -0.36305662941930555 2.884689869320449 2.1007550116855227 0.15188705357172977 1.959083522484926 -0.44991113988010145 0.15592414943288146 1.9508147382371746 -0.5078104101432686 
1737148658.5915284 2.8823327282905575 2.099810387277603 0.13081420196287108 1.9996705003484958 -0.36305662941930555 2.8836293650554294 2.1034455359531083 0.15533198751222055 1.9517782855462475 -0.4347208370813168 0.1608212027066851 1.9439648183583984 -0.4904265190714142 
1737148658.611485 2.88160632648468 2.1030168489456176 0.13081420196287108 1.9850914672129083 -0.36305662941930555 2.882571325638998 2.1061298068418433 0.15876891465741702 1.9444900276085473 -0.41956583993630364 0.16360202163681806 1.938268134718395 -0.46638917243081696 
1737148658.6315713 2.88121889629364 2.1051560894489287 0.13081420196287108 1.9751055696388218 -0.36305662941930555 2.881506409927019 2.108831523054141 0.16222817870846012 1.9371544026117087 -0.4043123490700001 0.16854783673231716 1.9323077539326545 -0.44711016477616733 
1737148658.6515982 2.880766079807281 2.107184405708313 0.13760797700255298 1.9651008771215286 -0.5737104444197757 2.8804446416370824 2.1115252541826757 0.16567721869781976 1.929840458493042 -0.389103940807743 0.17360857214518663 1.9262815402735514 -0.42792327765572025 
1737148658.6714911 2.8800720433235165 2.1103157655239104 0.13760797700255298 1.9507017927750159 -0.5737104444197757 2.8793899771671794 2.114200962752677 0.16910318269253638 1.9225754487259112 -0.3739972852502013 0.1764766177624649 1.920545280121498 -0.40415379790371925 
1737148658.691544 2.87974868812561 2.1125616387367248 0.13760797700255298 1.9422062377285885 -0.5737104444197757 2.8783268310900834 2.1168981893596457 0.17255669827516307 1.915252013781057 -0.3587691420327593 0.18122126989279572 1.914885613108778 -0.38608976665256983 
1737148658.7114854 2.8791024545669552 2.116073246383667 0.13760797700255298 1.9299891940281495 -0.5737104444197757 2.877269600649599 2.1195804078573737 0.17599099754908348 1.9079693284385493 -0.34362573238436844 0.18342965436962433 1.9096244966025495 -0.36399042980996843 
1737148658.7315607 2.8786478499412533 2.1185653463840484 0.13760797700255298 1.9214965543719638 -0.5737104444197757 2.8762052663890816 2.1222806489136348 0.17944837281764692 1.9006377087445054 -0.32838057003126225 0.18762829710088022 1.9038571407313338 -0.3460199836718922 
1737148658.7514951 2.8781260708808896 2.1212005571365355 0.1712597397203409 1.9138938297926307 -0.4860975034090801 2.8751484025158227 2.1249619374216873 0.18288148133739535 1.8933575484841947 -0.31324241096727845 0.19145115222522416 1.8971687111831719 -0.32996752957673725 
1737148658.7716012 2.8772933343887326 2.1252724484443664 0.1712597397203409 1.9016510567713882 -0.4860975034090801 2.8740824376631626 2.1276663153285726 0.18634415340899962 1.8860146965279656 -0.2979738925662927 0.19255900282484298 1.8914112079312975 -0.30821374140638347 
1737148658.7916176 2.8766135434150693 2.1280621842384337 0.1712597397203409 1.8936272222523753 -0.4860975034090801 2.8729977879499025 2.131129710701335 0.1895348375427124 1.8801563602078568 -0.28677825641453597 0.1971773125206605 1.8860192116480607 -0.29438626701885057 
1737148658.8114948 2.8757150033950802 2.1323624507427215 0.1712597397203409 1.8833100870714161 -0.4860975034090801 2.8754000216476503 2.132493621393976 0.17550951261955816 1.8905788307617444 -0.317861134412698 0.17593422453512944 1.8911809069395937 -0.30999031454452036 
1737148658.8314977 2.8750387887001034 2.135275031709671 0.1712597397203409 1.876821320870119 -0.4860975034090801 2.8743431170017577 2.13649707050865 0.17839672997856207 1.8859078062987638 -0.30881327823226473 0.1810138189968641 1.8865680450321178 -0.2990665540702659 
1737148658.8515298 2.874307558917999 2.138223405265808 0.17178968434138014 1.8700565922749 -0.42080095554204683 2.873284662863965 2.140506388943702 0.18128818018858933 1.881229933805926 -0.2997521572980806 0.1860119036610757 1.8818740150001168 -0.2879347345728638 
1737148658.8715444 2.8733443478584286 2.1426545039653777 0.17178968434138014 1.8617482535212642 -0.42080095554204683 2.8722271409408116 2.1445121762429165 0.18417708380531803 1.8765561812660103 -0.2906990167848522 0.1881814835389916 1.8777348233761872 -0.27471244692992913 
1737148658.891614 2.8726406554222104 2.145615185880661 0.17178968434138014 1.8551743721443554 -0.42080095554204683 2.8711667089962845 2.1485289864121095 0.1870739369227491 1.871869567791973 -0.2816209644170185 0.19319075406021774 1.8731352369026446 -0.26366009965872933 
1737148658.9117298 2.871635244274139 2.150164301776886 0.17178968434138014 1.8460217908624283 -0.42080095554204683 2.8701038331377036 2.1525550538833635 0.18997746624423326 1.8671721533602748 -0.27252199040505737 0.19517047894239317 1.868956682533296 -0.24958709873418977 
1737148658.9315329 2.8710614303588864 2.153146262550354 0.17178968434138014 1.8400210091661913 -0.42080095554204683 2.869057485192725 2.156518515270581 0.19283584515480165 1.8625477845803853 -0.2635645070997726 0.2000656793803393 1.8647581585830395 -0.23882735768292435 
1737148658.9514897 2.8704075674057004 2.1561648503780364 0.19574058706391984 1.8339182409397419 -0.364805805609454 2.868003011863391 2.160512754801246 0.1957164207231754 1.8578875054000257 -0.2545374647199403 0.20493035865848425 1.8600842305722842 -0.22837147508739797 
1737148658.9717302 2.869397685909271 2.1607729152679442 0.19574058706391984 1.8251595910812992 -0.364805805609454 2.8669335475148605 2.164563778813621 0.19863794826486458 1.8531609729226752 -0.24538208854365623 0.20685663150690276 1.8558386291685351 -0.2147030504564203 
1737148658.9915748 2.868726776027679 2.163913811826706 0.19574058706391984 1.8201401483214426 -0.364805805609454 2.86588500760573 2.1685355431418616 0.20150231511102698 1.8485269166859148 -0.23640584046477256 0.21142347173679094 1.8515221252147165 -0.20502386357149863 
1737148659.0114927 2.8678302625656125 2.1687104360103606 0.19574058706391984 1.812984418343513 -0.364805805609454 2.8648325876681016 2.1725220046300744 0.20437728129145924 1.8438757125369918 -0.22739637657974843 0.21288293691906718 1.847673830501061 -0.1927069644222006 
1737148659.031565 2.867210970306396 2.171992684984207 0.19574058706391984 1.809577947504512 -0.364805805609454 2.863772017151128 2.1765393396978383 0.2072745129565428 1.83918848663752 -0.21831713793312402 0.21733216865329594 1.8435005850879225 -0.1843945003497135 
1737148659.051563 2.8664163807868954 2.1752388731479644 0.20835896282052196 1.8052988429505032 -0.269050140425727 2.862715364455138 2.180541834451475 0.21016104204708763 1.834518575675329 -0.20927143862321934 0.22171643780466324 1.8387241861529426 -0.17584609542077995 
1737148659.0716474 2.8656051019668576 2.1801092282772063 0.20835896282052196 1.7992941897837442 -0.269050140425727 2.8616541514659133 2.1845616031398833 0.21306002879674188 1.8298285103488434 -0.20018669995674698 0.22315544145608407 1.8349709095174604 -0.16450998022303076 
1737148659.0917664 2.8649417022705075 2.1834437207221984 0.20835896282052196 1.7956673291323648 -0.269050140425727 2.860591111839896 2.188588290945811 0.21596400549272443 1.825130372141632 -0.19108632397894226 0.22749900331404402 1.8307288400842947 -0.15602481302701238 
1737148659.1115687 2.864161358261108 2.188476260089874 0.20835896282052196 1.7896225981649123 -0.269050140425727 2.8595448016874023 2.192551609178873 0.21882228116302396 1.820506170386861 -0.18212916420423672 0.22848829948504762 1.827160469845087 -0.14459129252406208 
1737148659.131819 2.8637127140998837 2.1918778971672057 0.20835896282052196 1.7860824974587266 -0.269050140425727 2.8584748208415713 2.196604589631374 0.22174521965505425 1.8157773552328915 -0.172969366443369 0.2328666200217051 1.8233316697479176 -0.135720194154178 
1737148659.1516378 2.8632055977821347 2.195376361989975 0.2165714159550415 1.7818870596844134 -0.212405622693851 2.8574276414619146 2.200571200410014 0.2246058698515376 1.8111493119003956 -0.1640047654653398 0.23680040266873847 1.8192300831949038 -0.12666174195484944 
1737148659.171573 2.862417147541046 2.2006973282337188 0.2165714159550415 1.7762145307655475 -0.212405622693851 2.856374314504637 2.2045610975979604 0.22748331379842254 1.8064940991486296 -0.15498753684641267 0.23729815334151902 1.815679698024818 -0.11552236958714215 
1737148659.191677 2.8617917756080624 2.204303647661209 0.2165714159550415 1.7716918106888468 -0.212405622693851 2.855312055923317 2.2085848268846733 0.23038515686218197 1.8017994127938664 -0.14589384716724663 0.2411172240947688 1.8116386336403063 -0.10594702421578717 
1737148659.2115123 2.8610052327156064 2.2098479525089263 0.2165714159550415 1.7657050301226582 -0.212405622693851 2.854264007316497 2.2125547302088915 0.23324818158484914 1.7971675278836459 -0.13692180498589374 0.2411306842797907 1.8081781788043154 -0.09444865630423654 
1737148659.2317715 2.8603757480621335 2.2135798887252807 0.2165714159550415 1.7626172553070671 -0.212405622693851 2.853193560363346 2.216609476229311 0.23617239337352874 1.7924366527532154 -0.1277580170145481 0.24478380823342327 1.804146810910797 -0.08622846141081825 
1737148659.251592 2.8597128848075863 2.217343325996399 0.22973469697693705 1.7586025392075515 -0.21379786643713447 2.8521462928012236 2.2205764210343144 0.23903328446397276 1.7878082196954432 -0.11879266113183387 0.24812365307945133 1.7994611221726282 -0.07793407816675715 
1737148659.271621 2.8586529354095456 2.222880001449585 0.22973469697693705 1.7548450127965016 -0.21379786643713447 2.8510880024308674 2.224585119134692 0.24192428729950166 1.7831310709781187 -0.1097329421634933 0.24811785769516095 1.7953805800753622 -0.06919737488463276 
1737148659.2916093 2.8579780916213986 2.2265486971378325 0.22973469697693705 1.752198025971669 -0.21379786643713447 2.850057725723825 2.2292162496544567 0.2444741613259685 1.7798776661665512 -0.10422942582543189 0.25255256418757394 1.7924031041168078 -0.06402434768029304 
1737148659.3114893 2.857072220230102 2.2321162775993346 0.22973469697693705 1.7491051285782788 -0.21379786643713447 2.849061008095389 2.234504599240992 0.24664749449467627 1.7781720627658246 -0.10258355419120599 0.2542188348679821 1.7909649586937006 -0.06072372407578416 
1737148659.3314884 2.8564492920875546 2.2359819368362426 0.22973469697693705 1.7465674307622923 -0.21379786643713447 2.8563763166860943 2.2372003186442866 0.23516326705657475 1.7507365834238013 -0.09478635342602207 0.23746561147637274 1.7504819286578244 -0.09087185553048996 
1737148659.3517103 2.8558946708679196 2.2399141744613646 0.2451569203758602 1.7446275533891784 -0.11914992120524903 2.855538679213699 2.2423324475584145 0.23738476610086756 1.7491215908362423 -0.09309169529529027 0.2420265538350909 1.7489933287087718 -0.0887259199756969 
1737148659.371535 2.8549587587356564 2.245880182170868 0.2451569203758602 1.7414712899540548 -0.11914992120524903 2.8547174948583565 2.247363769714806 0.23956262981960308 1.7475383203993236 -0.09143032412879674 0.242418078995635 1.7475002324839926 -0.08540138159885895 
1737148659.3915873 2.854449317836761 2.2498661831855773 0.2451569203758602 1.7382698566383794 -0.11914992120524903 2.8538868889702 2.252452816749277 0.24176548039342963 1.7459368849373684 -0.08974989187954013 0.24679095557202801 1.7461051247622896 -0.08191462375562991 
1737148659.411573 2.8536376813888547 2.2557850734233855 0.2451569203758602 1.7358134198241286 -0.11914992120524903 2.8530590384359793 2.2575249819797816 0.2439610234907673 1.7443407618883957 -0.08807503409788403 0.2474069095922596 1.7447805015367979 -0.07910795238521479 
1737148659.4315703 2.853188619995117 2.2596816972732543 0.2451569203758602 1.7348779208746286 -0.11914992120524903 2.8522307039865513 2.2626001121149253 0.2461578499800331 1.7427437058349922 -0.08639919728786799 0.2519323013612415 1.74346886633595 -0.07780825182654644 
1737148659.4517624 2.852577493572235 2.2636412338256835 0.25728478552261963 1.7325154658820918 -0.0903049930870423 2.851394300991726 2.26772467749681 0.2483760750653255 1.7411310933607766 -0.08470703667846259 0.2564031138379467 1.7418678265041965 -0.07535467605635794 
1737148659.471516 2.851687417411804 2.2693318680763244 0.25728478552261963 1.7303593120190666 -0.0903049930870423 2.8505760695067304 2.272737907684076 0.2505461074741321 1.7395535161549753 -0.08305163958298183 0.25728001818843355 1.7403673862498692 -0.0730435653521792 
1737148659.4914975 2.851160095119476 2.2733320549964904 0.25728478552261963 1.7285239644121548 -0.0903049930870423 2.8497483868614593 2.2778090442741954 0.25274120531304567 1.7379577168014173 -0.08137712146422613 0.26157480585760867 1.7389638097103883 -0.07093727616599263 
1737148659.5114868 2.850354180717468 2.2793217257499694 0.25728478552261963 1.7255755475006496 -0.0903049930870423 2.8489203881899305 2.282882117128569 0.2549371412854634 1.7363613081388432 -0.07970196398001086 0.2620579408234569 1.7376476629517803 -0.06762984852888013 
1737148659.5315802 2.8499101261138913 2.283346082353592 0.25728478552261963 1.7253006241758557 -0.0903049930870423 2.848088073784817 2.2879816320916646 0.2571445230185465 1.7347565786000207 -0.07801807516123851 0.2663986064309224 1.7363749720945705 -0.06694372724252376 
1737148659.5516126 2.8493427495002743 2.287588800573349 0.25490204021137036 1.7226143489838166 -0.03761718514750994 2.8472582875897667 2.293065656940726 0.25934519968359676 1.7331567235333256 -0.07633930126614262 0.27025396878674535 1.7349954280327078 -0.06395822221725143 
1737148659.5716658 2.8484813431739804 2.2937431589603423 0.25490204021137036 1.7203276610839375 -0.03761718514750994 2.8464276421983277 2.2981549460082293 0.26154815502411133 1.7315552119077433 -0.07465878909620355 0.2704464956310653 1.7336282212615572 -0.061358228918583835 
1737148659.5917625 2.847944603347778 2.2980752245426177 0.25490204021137036 1.7179646131227175 -0.03761718514750994 2.8455951895317266 2.303255308086936 0.26375590344060246 1.7299502157962265 -0.07297462055504264 0.27418037491344616 1.7323021218783166 -0.058637111799443614 
1737148659.6115665 2.8471062044143673 2.3045624450683593 0.25490204021137036 1.715585008506785 -0.03761718514750994 2.844774864372772 2.3082813660248864 0.2659314884838737 1.728368601918195 -0.0713149876633923 0.2736043612496468 1.731065914781057 -0.055834081389120285 
1737148659.631607 2.846525357151031 2.308958883666992 0.25490204021137036 1.71418170931423 -0.03761718514750994 2.843944742399823 2.313367448154718 0.2681330556657721 1.7267680994606702 -0.06963553444249562 0.27716859208310424 1.7296938608891668 -0.05412338286755883 
1737148659.6515932 2.8460237244606015 2.313463176870346 0.2930527028912983 1.7124340712400465 -0.12412515892479037 2.8431168721139612 2.3184397344017387 0.27032865114645377 1.725171938329884 -0.06796063670049832 0.2805200737010458 1.728047961931398 -0.05234674600914688 
1737148659.6715858 2.845151887321472 2.320272292280197 0.2930527028912983 1.710471030099553 -0.12412515892479037 2.8422887351809445 2.323513654371723 0.27252495380227953 1.7235752630946155 -0.0662851994938945 0.27943909901539066 1.726764459491385 -0.049991770102062516 
1737148659.6916108 2.8445328334808346 2.324773530745506 0.2930527028912983 1.709969716287069 -0.12412515892479037 2.8414592551363316 2.328595803464789 0.27472481852549774 1.7219759982960297 -0.06460704498408756 0.28278322229858927 1.725337660998592 -0.049239100272564645 
1737148659.7117069 2.8436290482521054 2.3314238593816756 0.2930527028912983 1.707605373632951 -0.12412515892479037 2.8406268320971924 2.3336959840187217 0.2769324883669728 1.720371059307233 -0.06292293638343846 0.2820509343282934 1.7239609898336028 -0.046567320182786726 
1737148659.7317743 2.8430728177070614 2.33582481303215 0.2930527028912983 1.706131695254047 -0.12412515892479037 2.8397955941565196 2.338788903581701 0.2791370152078076 1.7187684052272458 -0.06124122540326273 0.28562474843142416 1.7225962393747998 -0.04477668128251002 
1737148659.7515645 2.8425470451354977 2.3402413681983947 0.28179022832594114 1.7033855450427673 -0.09035314874252404 2.838975841795158 2.3438114520406907 0.28131108113410264 1.7171878957218056 -0.05958275136150784 0.28901071812330364 1.7214637309756704 -0.04150456542860473 
1737148659.771861 2.841669903182983 2.346771310353279 0.28179022832594114 1.7004572990369213 -0.09035314874252404 2.8381351131909276 2.3489625200395556 0.28354077817173245 1.7155669433304348 -0.05788183943737472 0.2886288448777961 1.7200833173354202 -0.03825582113887586 
1737148659.7917418 2.8411472896575924 2.3512461886644362 0.28179022832594114 1.6991592049176727 -0.09035314874252404 2.837326979971727 2.354484502768629 0.2854763384811618 1.7142709336816266 -0.05658863665326084 0.2926029563313774 1.7189808324494302 -0.036767009121503304 
1737148659.811536 2.840355501556396 2.3580515489816665 0.28179022832594114 1.697190021484824 -0.09035314874252404 2.8365385333887003 2.3604835804255377 0.2871421375871801 1.713287420962497 -0.055693251512340745 0.29274532648602103 1.718160387489402 -0.03472288550776261 
1737148659.8315485 2.839848683261871 2.3625870750188827 0.28179022832594114 1.6962115309429826 -0.09035314874252404 2.8357413973024825 2.366548774171434 0.288826295535712 1.7122930689080267 -0.05478799829385249 0.29737772856136324 1.7172719640930294 -0.03372756514380569 
1737148659.8515291 2.839427278423309 2.367215018057823 0.3058897854107538 1.6963430680229794 -0.0315051482522509 2.8390305820687045 2.3697567083887776 0.28761680361009107 1.6966724448900858 -0.04839846603335049 0.29250243191035125 1.696769818296961 -0.047971715759368844 
1737148659.8717313 2.838766501331329 2.374056558394432 0.3058897854107538 1.6942879711723844 -0.0315051482522509 2.8383181614980644 2.3758335193596305 0.28932106627417786 1.695738124373086 -0.04700384763712721 0.29277712497072533 1.6960302628829005 -0.04526155592661111 
1737148659.8915915 2.8382778028488156 2.378747816467285 0.3058897854107538 1.6924824632656619 -0.0315051482522509 2.837617797611852 2.381807489122324 0.29099648676557954 1.6948196158751268 -0.04563283113365281 0.29692032390472134 1.695181101773524 -0.04293419262579058 
1737148659.9114902 2.837628052616119 2.3858790651798247 0.3058897854107538 1.6896300112573228 -0.0315051482522509 2.8369160800811537 2.38779300521313 0.2926751454646536 1.693899332108642 -0.044259164766348176 0.2964501846502354 1.6945159822045817 -0.03937319381908933 
1737148659.9315531 2.837198124313354 2.3907526389598845 0.3058897854107538 1.6887665619672183 -0.0315051482522509 2.8362085696246737 2.3938279338509534 0.2943676620835186 1.6929714510749894 -0.04287415829855261 0.30039625131362235 1.6937657081454343 -0.03787501212033666 
1737148659.95163 2.8366930941581723 2.3956074521780013 0.30200441858797894 1.6884544004881326 -0.059593393239204664 2.83550056311214 2.3998670937518733 0.2960613653747604 1.6920429194770943 -0.04148818076264535 0.30436926385272023 1.6929284343529447 -0.037014146897833194 
1737148659.971684 2.8359371880531308 2.402821417236328 0.30200441858797894 1.688265039933394 -0.059593393239204664 2.83479337214939 2.4058992971693964 0.29775311769616225 1.6911154574509195 -0.04010379972854885 0.30381963944858714 1.692130159590437 -0.0362386800715059 
1737148659.991746 2.8354711989402768 2.4077182666301726 0.30200441858797894 1.6876855808624691 -0.059593393239204664 2.834085895323829 2.4119339389419245 0.2994455538626627 1.6901876205233173 -0.03871885909587951 0.30771178738435945 1.691344321485538 -0.035060118472810695 
1737148660.0117972 2.834998832130432 2.412645544195175 0.30200441858797894 1.6860713454327072 -0.059593393239204664 2.8333787968461057 2.4179653534798873 0.3011370849400621 1.6892602797887808 -0.0373346591083801 0.31153761649640727 1.690558204931244 -0.032847799609843326 
1737148660.0315256 2.8343824008941647 2.419889594697952 0.30200441858797894 1.6846324263068035 -0.059593393239204664 2.832683082434432 2.4238996641155848 0.30280138289206704 1.6883478689522786 -0.03597274431110525 0.3107465443259246 1.6899601434593676 -0.030645027158541165 
1737148660.0515223 2.8340149382591244 2.424704428100586 0.3103839567140847 1.683461384373457 -0.06054570576907104 2.8319779093268163 2.4299146556154243 0.30448830807159694 1.6874230532891232 -0.03459231338458178 0.3147707751676811 1.6892490680802326 -0.028804629677806157 
1737148660.071502 2.8334904769897458 2.4320443675756453 0.3103839567140847 1.6805484184597685 -0.06054570576907104 2.831273333168011 2.4359245552562823 0.3061738052216564 1.6864990205083612 -0.03321305103154868 0.3139830505998346 1.6887599230002557 -0.025001546491061545 
1737148660.091541 2.833124206447601 2.4368572340250014 0.3103839567140847 1.67956875234122 -0.06054570576907104 2.8305666634845035 2.441952312261737 0.307864310531408 1.6855722421259665 -0.03182969044190855 0.3180375922398664 1.6880945403221 -0.023303902461028557 
1737148660.1114814 2.8326477865219113 2.444389666700363 0.3103839567140847 1.6763501623623875 -0.06054570576907104 2.829863474601103 2.447950378709187 0.30954648902143045 1.68465002871978 -0.030453143787831906 0.31686879607257634 1.6876936822895487 -0.0191096238606707 
1737148660.1316214 2.8322173217773434 2.44943894752264 0.3103839567140847 1.6750818830461445 -0.06054570576907104 2.8291532484479216 2.4540084717195594 0.3112455021687314 1.6837185861225639 -0.0290628211335943 0.32052796383552334 1.6869786056245117 -0.017166098555227032 
1737148660.1516016 2.8318417529106137 2.454464520597458 0.3103839567140847 1.673055118720639 -0.06054570576907104 2.828448655473657 2.460018514793065 0.3129310395449731 1.6827945312887767 -0.02768352586299809 0.32413751344101055 1.6863399330394402 -0.01439871154419696 
1737148660.17151 2.831302450084686 2.462158660674095 0.3103839567140847 1.6709180600215205 -0.06054570576907104 2.8277465932260397 2.466006971253142 0.31461052288078367 1.681873795435276 -0.026309184685649724 0.322625682457903 1.685878311982345 -0.011348932724825213 
1737148660.1917639 2.8307990888595578 2.467148612523079 0.3103839567140847 1.6697907584220995 -0.06054570576907104 2.827032348178049 2.4720993446662343 0.3163191500856464 1.6809370821650462 -0.024910994733829156 0.3264545781713834 1.6850606495552183 -0.009641103600710327 
1737148660.2117028 2.830135391139984 2.4747795642256736 0.32645714792635305 1.6671245653373095 -0.03508537644364408 2.8263292097410266 2.4780969808157427 0.318001207897122 1.6800149349179354 -0.023534546832441838 0.3250544286137147 1.6842076797365948 -0.0064514324331565 
1737148660.2318256 2.8297140459060666 2.4798297093153 0.32645714792635305 1.6662714919033075 -0.03508537644364408 2.825619588944386 2.48414991025081 0.31969877290186144 1.679084286229625 -0.022145409210476145 0.3286991132469737 1.6834996144501067 -0.004917286663676971 
1737148660.251837 2.829290912532806 2.48488077827692 0.3389566988884172 1.664852427244452 -0.03074719550329823 2.8249138945575267 2.490169348162717 0.32138694509304155 1.6781587869226895 -0.020763957839496312 0.3322675561855878 1.6826255368651737 -0.0029908482187746624 
1737148660.2716794 2.828755424404144 2.4925665066480636 0.3389566988884172 1.663735852310514 -0.03074719550329823 2.8242141612510436 2.4961379392011347 0.32306085710260823 1.677241105413174 -0.019394175744638496 0.33072418823797195 1.682122064402398 -0.0010079636527544275 
1737148660.2918665 2.8284548381805417 2.497607465171814 0.3389566988884172 1.6634437731564002 -0.03074719550329823 2.8235106237880223 2.5025557786642576 0.32454670003299396 1.6765822098988579 -0.01853801000366367 0.3348869470101468 1.6817675924248652 -0.00021419073519873474 
1737148660.3114917 2.82795767583847 2.505239195460081 0.3389566988884172 1.661910211659838 -0.03074719550329823 2.82283598011083 2.5091800512280806 0.32574917994269836 1.6762478238802188 -0.018304589706174268 0.33421861373560985 1.6817687633195377 0.0015539619535253624 
1737148660.3316314 2.827583299064636 2.5103253529310225 0.3389566988884172 1.6612725291525083 -0.03074719550329823 2.827087629154662 2.5124678601168284 0.34197724358528453 1.662757041289689 -0.013901304342967586 0.3461172861271226 1.663107323887835 -0.012066509607640814 
1737148660.3516715 2.8270765403747555 2.5154395990908145 0.3389593700894517 1.6605529189491686 -0.031518533430452786 2.826456794363411 2.5195397541875852 0.34320649932598263 1.6624736290162596 -0.013282184291353288 0.35107186523829464 1.6627589476899214 -0.011076155550600469 
1737148660.3717988 2.8264613608360287 2.5235243917346 0.3389593700894517 1.6600453974633873 -0.031518533430452786 2.825823212700701 2.526642441715285 0.34444110766859254 1.6621889826684009 -0.012660368378282178 0.35045132205859125 1.6626030907483638 -0.01010267509330572 
1737148660.3918357 2.8260349492073056 2.5290038690805434 0.3389593700894517 1.6587209516545474 -0.031518533430452786 2.825192475475922 2.5337132420293744 0.3456701732895506 1.661905614228216 -0.012041344081309788 0.35472646117035816 1.6623900442285715 -0.008372251507285641 
1737148660.4120865 2.825542793655395 2.53743616425395 0.3389593700894517 1.6570315615113225 -0.031518533430452786 2.8245550061645357 2.5408595115535126 0.3469123571725712 1.6616192212941434 -0.011415712714045703 0.3535600607648287 1.662413682391297 -0.00603359183407123 
1737148660.4316087 2.8251501778602597 2.5430553139090537 0.3389593700894517 1.6563851631460287 -0.031518533430452786 2.8239404724793187 2.547748664125689 0.3481098482920877 1.661343132544376 -0.010812591053371826 0.35719840361291494 1.6622640241754043 -0.0049337300239962 
1737148660.4516256 2.824709103488922 2.5487055194467305 0.34088912643394836 1.6559158906979554 -0.04554798978296847 2.8233103656840552 2.5548123970890044 0.3493376854470332 1.6610600473343882 -0.010194185478700999 0.3611329201774792 1.6620487112990323 -0.004061364877624105 
1737148660.4716325 2.824113057041168 2.557433622227609 0.34088912643394836 1.6541923958237774 -0.04554798978296847 2.8226805741035492 2.561872596376933 0.35056490836897247 1.6607771037394987 -0.009576089265180953 0.35920922348166884 1.6619831307110744 -0.0017853543778839735 
1737148660.4915423 2.8237309912681576 2.563289738762751 0.34088912643394836 1.653488256765487 -0.04554798978296847 2.8220538371041464 2.56889855266766 0.351786179080589 1.660495532462349 -0.008960990908526815 0.36268526654307576 1.6618660414698756 -0.0005832062041381571 
1737148660.5114908 2.8230129937171933 2.5722932794965803 0.34088912643394836 1.6527592814358247 -0.04554798978296847 2.821425884276393 2.575938138849165 0.3530098189766583 1.6602134149555337 -0.008344699301719664 0.3601764647932648 1.6616863740847336 0.0005823933471892327 
1737148660.5315547 2.8226570943832394 2.578115170159936 0.34088912643394836 1.6528577308759123 -0.04554798978296847 2.8207942989738144 2.5830184464327473 0.35424053717689513 1.6599296655032985 -0.007724842675936836 0.3638345922004574 1.6615946436447482 0.001012070092899089 
1737148660.5516353 2.8223104933738705 2.5839943972319364 0.34088912643394836 1.6518304123623009 -0.04554798978296847 2.820162188313306 2.5901046434753083 0.3554722790988091 1.6596456800258992 -0.00710447044823604 0.3673977756298378 1.6615203678737553 0.002585485063218422 
1737148660.5718455 2.821687326812744 2.592690865778923 0.34088912643394836 1.6508932072659397 -0.04554798978296847 2.819525994871176 2.5972366100276427 0.35671197680061384 1.6593598602957962 -0.006480091257058453 0.36567793344544774 1.6614142499271287 0.0040409514041305755 
1737148660.591606 2.821231351280212 2.598424150878191 0.34088912643394836 1.6499749081830182 -0.04554798978296847 2.8189039635777973 2.6042098135929503 0.35792407789092245 1.6590804031297588 -0.0058696112204409834 0.3692634440529718 1.6612021514431903 0.0053576320397311205 
1737148660.6114902 2.820585236930847 2.607131037199497 0.3738280299705076 1.6485312080911902 -0.01441339712989421 2.8182780296255148 2.611226767424953 0.3591437837708325 1.6587991926339312 -0.00525530099814717 0.3672804081381703 1.6608732000404174 0.007086690951079968 
1737148660.6316006 2.820203111553192 2.6128920272827147 0.3738280299705076 1.6487831323658824 -0.01441339712989421 2.8176449808258477 2.6183234813585465 0.3603773537671699 1.6585147856830247 -0.004634008052735715 0.3710827366539232 1.6607323441836903 0.007315203765072232 
1737148660.651628 2.8198287347793576 2.61870528318882 0.3754328520479254 1.6486507190377369 -0.05956273483066782 2.8170145438056 2.6253909162675058 0.3616058344043125 1.6582315521143622 -0.004015278385430735 0.3747263278573746 1.66059641842176 0.0079304209985925 
1737148660.671634 2.8193344334602353 2.6275563866734504 0.3754328520479254 1.6492047643376138 -0.05956273483066782 2.8163847822455472 2.632450779014921 0.3628329988278701 1.657948622006625 -0.003397211634877431 0.37258448992346016 1.6606254601939825 0.008023484221491304 
1737148660.6914933 2.819005415821075 2.633437286400795 0.3754328520479254 1.648387277361039 -0.05956273483066782 2.8157596363301587 2.639458898658457 0.36405116912526453 1.6576677655485437 -0.002783674815460572 0.3759836357864656 1.6605562542266923 0.009385302050192642 
1737148660.7116609 2.818353996658325 2.6425421939134597 0.3754328520479254 1.647727335342567 -0.05956273483066782 2.815124786303305 2.6465758050228327 0.3652882490244949 1.657382549368503 -0.0021606140920446496 0.37345360498891333 1.660438526049251 0.010550576614639267 
1737148660.7316291 2.817944214725494 2.64870637216568 0.3754328520479254 1.647829815150367 -0.05956273483066782 2.81449621055115 2.653622374419983 0.3665131027619814 1.657100152003279 -0.0015437111286776186 0.3763830118984026 1.6603086272456469 0.010935100966602282 
1737148660.7516313 2.8176352242469784 2.654774780654907 0.37344914722788075 1.647196409971805 -0.015364033586519736 2.8138665690729097 2.660680891005346 0.36774003319201287 1.6568172758441508 -0.0009257622299912796 0.37953479374399424 1.6602954302680932 0.012173258066296898 
1737148660.7716436 2.817176506900787 2.663791756415367 0.37344914722788075 1.6477976178280904 -0.015364033586519736 2.813236604874798 2.667743025401225 0.368967592479646 1.656534254698136 -0.0003074966044124723 0.3770881491890388 1.660376334362338 0.012271219929834997 
1737148660.7916334 2.8168749670028683 2.6697205633759498 0.37344914722788075 1.6478557290742246 -0.015364033586519736 2.8126001958364846 2.6750099163473107 0.3699098891414208 1.6563824928342443 1.5663697462226834e-05 0.3806167738559769 1.6604601139387447 0.012620048561982318 
1737148660.8114924 2.8164813975334164 2.6788086474776267 0.37344914722788075 1.6482885983320188 -0.015364033586519736 2.8119596800633277 2.6824750074686037 0.37051819168227007 1.6563829396773133 -3.2867993380595544e-06 0.3781929260521836 1.6608726862622012 0.012580801130844338 
1737148660.8315594 2.8160642246246335 2.6849154562592505 0.37344914722788075 1.648523628625843 -0.015364033586519736 2.8155129709818314 2.6855037538234274 0.3749645226832204 1.6483111821108365 0.0012511777489981107 0.3761600380122737 1.6488510598005894 0.0015786089237446504 
1737148660.8515198 2.815658913040161 2.6910791055202483 0.3837879872502764 1.6481500030287033 0.0 2.814922873894667 2.69308787271452 0.3755758986069816 1.648324356487251 0.0014780192385463321 0.37948940415138954 1.64892703128365 0.0022550474934929644 
1737148660.8718379 2.8151240209579464 2.7006265030145644 0.3837879872502764 1.6473908222213853 0.0 2.8143222041172167 2.700807875245563 0.37619822847108725 1.6483377669071988 0.0017089250166077204 0.3766598123335637 1.6491562996308209 0.0034744024260432767 
1737148660.8916001 2.814743028068542 2.7069528655052184 0.3837879872502764 1.6468871873829092 0.0 2.8137379643004707 2.708316714600123 0.3768035359118976 1.6483508105154958 0.0019335148903196473 0.3795350084537441 1.6492850511500832 0.004331378657493638 
1737148660.9114947 2.8142968873023984 2.7163612947702407 0.3837879872502764 1.6474721013473368 0.0 2.813149812588319 2.7158758309014646 0.3774128963106354 1.6483639414599 0.002159608550781446 0.3766621733687489 1.6495950832241566 0.004282590427601253 
1737148660.931686 2.8139117816925046 2.722602139496803 0.3837879872502764 1.6467182691934499 0.0 2.81255289259169 2.723547640034872 0.37803134117723225 1.6483772681630746 0.002389072861183498 0.3800224904576899 1.6497129240233361 0.005383727691069755 
1737148660.9516726 2.8135160664558407 2.728847931408882 0.38797713423448765 1.6457592132442584 0.03267249506793248 2.8119620201739046 2.7311417237262274 0.378643520389952 1.6483904598493482 0.002616212398556018 0.3832174779135312 1.6498045257593752 0.006661524913672768 
1737148660.971515 2.8127274374008175 2.7381572232484817 0.38797713423448765 1.6453640335566304 0.03267249506793248 2.8113754120745345 2.7386810010161367 0.37925128151339954 1.6484035563313966 0.0028417126728948945 0.38044261947790653 1.6497514160561464 0.007229095172410873 
1737148660.9915333 2.812357411766052 2.744434560918808 0.38797713423448765 1.6448948867319244 0.03267249506793248 2.810783602211544 2.746287133056901 0.3798644319754965 1.6484167689468636 0.003069212577182249 0.38360556822638164 1.649886357349822 0.008060683195079757 
1737148661.0114942 2.8118880847930905 2.7537268803358077 0.38797713423448765 1.6446564594351267 0.03267249506793248 2.810193491027459 2.7538714331261804 0.3804758225045115 1.6484299436380028 0.0032960594857818215 0.38099934997326634 1.6501602282142651 0.008799828264920206 
1737148661.031666 2.811602638149261 2.7598057941436767 0.38797713423448765 1.6449855312596697 0.03267249506793248 2.8095971419561057 2.76153590454303 0.38109367585832976 1.6484432575948265 0.003525304324604162 0.3846665318411371 1.6503663075240875 0.00890608058902196 
1737148661.0517757 2.811237798118591 2.765927235865593 0.3982058842549343 1.645296332241935 -0.015369963705977985 2.809002632532862 2.7691767322065286 0.381709623226528 1.6484565304800756 0.003753841977225212 0.3881945021594277 1.6504417579551214 0.008899267690411647 
1737148661.0718572 2.8105683783531186 2.7752346054553985 0.3982058842549343 1.6452541196055397 -0.015369963705977985 2.8084089548279207 2.776806870357018 0.38232470888475256 1.6484697847965668 0.003982059905816559 0.3856213546784761 1.6505098444657251 0.009237784766002 
1737148661.091534 2.81021766462326 2.7816669599056243 0.3982058842549343 1.6448532032907088 -0.015369963705977985 2.807827245408383 2.784283188227083 0.38292739468250714 1.648482771911778 0.004205677059811002 0.38823568234992606 1.6506727595848512 0.010025233353953326 
1737148661.111491 2.8095770339012143 2.7911052809000014 0.3982058842549343 1.6441099756976365 -0.015369963705977985 2.8072372469996614 2.79186603887087 0.38353866836949174 1.6484959440851195 0.004432480615999767 0.38532480388073487 1.6507798605519848 0.011102365470348041 
1737148661.131621 2.809172675991058 2.7974738583803176 0.3982058842549343 1.643941629658654 -0.015369963705977985 2.8066421384573017 2.7995145666072987 0.3841552364609762 1.6485092303461688 0.00466124857830323 0.38839410486546017 1.6508843492606669 0.0116039681803161 
1737148661.151529 2.808763728523254 2.803749601626396 0.39387676075393574 1.643551330238269 0.015362793032175652 2.806053584982919 2.8070788464869585 0.3847650131094471 1.6485223702602274 0.0048874966817285285 0.3914712273909748 1.6510038039321466 0.012339970375606222 
1737148661.1716259 2.808177576446533 2.8134536848306655 0.39387676075393574 1.6432104860176713 0.015362793032175652 2.8054594561765254 2.814714782339419 0.385380566135793 1.6485356346479092 0.005115888019963104 0.38817045007714496 1.6511882072943982 0.013093609296690015 
1737148661.1916242 2.807804689788818 2.819863255405426 0.39387676075393574 1.6432448702669016 0.015362793032175652 2.804868238384191 2.8223133048963462 0.38599310317723073 1.6485488340449381 0.005343160324093721 0.39106742616333673 1.651328654943912 0.01342694500110404 
1737148661.211491 2.807191477203369 2.8294242278575896 0.39387676075393574 1.643176296753973 0.015362793032175652 2.8042809042934214 2.829861912862865 0.3866016164712485 1.6485619467353092 0.005568939679577168 0.38786030388126497 1.6514742951036712 0.01386693802927541 
1737148661.231636 2.806866393470764 2.835679347896576 0.39387676075393574 1.6426433456539429 0.015362793032175652 2.803685351698069 2.837516147712172 0.38721864462822747 1.648575242910187 0.005797878341998184 0.391167564213071 1.651651022061514 0.014805554749569237 
1737148661.2517085 2.806474910163879 2.8418044404029845 0.4025571640571175 1.6424915719627775 0.016344209708696614 2.8030919418346154 2.8451428434771158 0.38783345278662995 1.6485884912469084 0.006025993308613865 0.39465662471834456 1.6516820023027439 0.015216423648580224 
1737148661.271935 2.805716739082336 2.851175452852249 0.4025571640571175 1.642499876867606 0.016344209708696614 2.8024939786658782 2.8528280597963316 0.38845297844200743 1.6486018412397119 0.006255858628815882 0.39205930679559386 1.651666795888548 0.015422777649757902 
1737148661.2918675 2.805230842018127 2.8573517159461974 0.4025571640571175 1.642457331346567 0.016344209708696614 2.8018890943779207 2.860516089965252 0.3889257123886391 1.6486695804838045 0.006322218180506112 0.3954136196469923 1.6517354202347654 0.015600307068704588 
1737148661.3114853 2.804620311641693 2.8666139797210692 0.4025571640571175 1.6435949205826743 0.016344209708696614 2.804625753680045 2.8658294807765707 0.40303210243192045 1.642466922589701 0.00606572254539014 0.401544641544477 1.6425173495311685 0.004988151493884286 
1737148661.331666 2.804408774757385 2.8727578774929046 0.4025571640571175 1.6446734297174674 0.016344209708696614 2.8040265291701716 2.874014849049862 0.4033656550666568 1.6425937457720194 0.005821879310383353 0.40579984213739345 1.6428829876658109 0.004031437258726782 
1737148661.3518496 2.8040877441406247 2.8790164546012877 0.39676263245339305 1.6452685530055313 -0.028864469893035326 2.803427219708097 2.8822013777647584 0.40369925498922943 1.6427205869340904 0.005578001505663177 0.40982513061837217 1.6431540358907228 0.0034634843908546986 
1737148661.3718548 2.803526626014709 2.888407345199585 0.39676263245339305 1.6462039947770402 -0.028864469893035326 2.8028332055998972 2.8903155722862284 0.40402990730333854 1.6428463073582429 0.005336278546410903 0.4077409548840711 1.6434050822501725 0.0025373660195432005 
1737148661.3918617 2.803059027576446 2.8947951749801635 0.39676263245339305 1.6456264782291068 -0.028864469893035326 2.8022391419362465 2.8984304437319683 0.4043605872020189 1.6429720382705846 0.005094535421492486 0.4113619269961884 1.643532172284585 0.0030002294769707286 
1737148661.4117024 2.8026232580184933 2.901213581943512 0.39676263245339305 1.6459434636549126 -0.028864469893035326 2.801650012579616 2.906477912861106 0.40468852046554005 1.6430967248589565 0.004854800220760068 0.4147981560817019 1.6436919633967813 0.0026032999626287006 
1737148661.4316423 2.8020881871223446 2.910943533563614 0.39676263245339305 1.6464506851576781 -0.028864469893035326 2.8010579382133436 2.914565610632577 0.4050180930407201 1.6432220347454225 0.004613866603296837 0.4120236087314415 1.6439937260138897 0.002156907459508431 
1737148661.4518163 2.801735983276367 2.9174317077636718 0.4207812414044092 1.6468965143006442 0.030742513860823776 2.800458911925273 2.9227482712087878 0.40535153533717166 1.6433488159749845 0.004370104030954624 0.415602256187803 1.6441932641261625 0.0016668538564729267 
1737148661.4715233 2.8013170818328854 2.9274167076587676 0.4207812414044092 1.6472480534592868 0.030742513860823776 2.7998737540840484 2.9307414896928554 0.4056772578943453 1.6434726620099176 0.004131984964323132 0.41217674839569346 1.6446115881329963 0.0014955196380326604 
1737148661.4915454 2.800931320571899 2.934174026632309 0.4207812414044092 1.6477932416628482 0.030742513860823776 2.7992792373419912 2.938862550160493 0.40600818999481925 1.6435984888142736 0.0038900574675999745 0.4151210286673934 1.6448406289155233 0.0009374447202750292 
1737148661.511569 2.8005060414314267 2.9408841089248656 0.4207812414044092 1.647856125993523 0.030742513860823776 2.7986846781238337 2.946984190848933 0.4063391457392114 1.643724324608506 0.003648112686020122 0.41815054342308366 1.6450286115468638 0.000820598239360937 
1737148661.5315332 2.7998654703140256 2.951323057794571 0.4207812414044092 1.6479405006079362 0.030742513860823776 2.798091881663851 2.9550817523740536 0.4066691202610001 1.64384978732287 0.0034068852259930876 0.41403748831415965 1.6452704928817248 0.0007368774997816891 
1737148661.5515206 2.7994000176429745 2.958358164215088 0.4291636061884341 1.6483998640339481 -0.03074904169337789 2.797498398506909 2.9631886941354875 0.40699947702613226 1.643975395373568 0.0031653783274494932 0.41641699337909965 1.6454138680746242 0.0001793823681255761 
1737148661.5716627 2.7989144186019894 2.9687731818199157 0.4291636061884341 1.648073670179053 -0.03074904169337789 2.7969003208517513 2.9713583964471 0.40733239127507836 1.6441019758292248 0.002922001783573455 0.41251134035911696 1.6457976887500576 0.0006460203545780221 
1737148661.5916421 2.7985100010871884 2.975619132900238 0.4291636061884341 1.647678161942805 -0.03074904169337789 2.7963070713133624 2.979462146994118 0.4076626179986607 1.644227534435603 0.00268058995174168 0.41525169753412844 1.646012445829804 0.0010148738387407543 
1737148661.6115181 2.7977494458198544 2.985757823371887 0.4291636061884341 1.6469763575126548 -0.03074904169337789 2.7957168942129167 2.9875239282363935 0.4079911344788298 1.6443524427742584 0.0024404283912107996 0.4116214540368391 1.6461207780354297 0.001584848913985656 
1737148661.631541 2.7972690919876095 2.9926106289863585 0.4291636061884341 1.6464023969970765 -0.03074904169337789 2.7951223562328096 2.9956452788144325 0.40832207840126283 1.6444782740735526 0.002198492252059295 0.4143725194250508 1.6462654828051952 0.002061578060178074 
1737148661.6515372 2.796921298885345 2.9992290095329284 0.4384890680656516 1.6472276741773546 -0.021012472690143804 2.7945286111399135 3.0037557986041508 0.408652580970557 1.6446039375618215 0.001956878763566085 0.4175652659040084 1.6464761511026833 0.001205355688894784 
1737148661.671609 2.796467588329315 3.0091638521194457 0.4384890680656516 1.6469269763616168 -0.021012472690143804 2.793932621893036 3.011896973392955 0.4089843327268604 1.6447300760152246 0.0017143520584775212 0.4145188363189244 1.6468520462928138 0.0016394219896745292 
1737148661.6915674 2.796060965442657 3.0156907693386077 0.4384890680656516 1.6473484023299358 -0.021012472690143804 2.7933399953374556 3.019992214034864 0.40931421267297646 1.6448555027700829 0.0014731937378772647 0.41784705297311353 1.6470404944770682 0.0011652858850096587 
1737148661.7116423 2.795618043327331 3.0223203853607177 0.4384890680656516 1.6470942805685522 -0.021012472690143804 2.7927439140590264 3.028134645968741 0.40964601565776926 1.6449816607015513 0.0012306295822658627 0.4210674437883322 1.6472031826475457 0.001339531661259363 
1737148661.7315297 2.794919894123077 3.032445873403549 0.4384890680656516 1.6471940782120433 -0.021012472690143804 2.792153397149776 3.0362010689774395 0.40997472128928353 1.6451066409592174 0.0009903297428814272 0.4174801273368075 1.6473690142709951 0.0011652658018332296 
1737148661.751534 2.794432685756683 3.039312864923477 0.4166086776615792 1.646579099424126 0.0 2.791559411358977 3.044314876685041 0.4103053578407806 1.6452323553901191 0.0007486183068669498 0.4201888419626049 1.64762628262101 0.001795801503750855 
1737148661.7715254 2.793782756710052 3.049496825122833 0.4166086776615792 1.646730019212329 0.0 2.790965807853083 3.0524234624054163 0.4106357815970142 1.6453579889121335 0.0005070624345627217 0.41657963652853897 1.6478457949920082 0.0016228382142418618 
1737148661.7915602 2.793340967082977 3.0563344613552093 0.4166086776615792 1.646644602206522 0.0 2.79036182046051 3.0605923265112387 0.4108496662082426 1.6454319831004098 0.00036661691415288615 0.419339155737387 1.647979557005769 0.0017015717133998319 
1737148661.811495 2.7926586131095883 3.066456432723999 0.4166086776615792 1.6466738049629337 0.0 2.789749238050478 3.0687749205320816 0.4109128545662466 1.645439363861383 0.0003565667717647511 0.4157179413497855 1.6480589630204507 0.0017417248292817952 
1737148661.8315709 2.792097733402252 3.0732245401382445 0.4166086776615792 1.6466927531795128 0.0 2.789132325737149 3.07701535140923 0.4109764895571854 1.6454467967916329 0.0003464455921676726 0.4185791763201648 1.64801459725283 0.0016682896654848193 
1737148661.851513 2.7916467646598813 3.0801812366485595 0.4166086776615792 1.6466274211325798 0.0 2.791380948751211 3.081944481048719 0.4168296437587476 1.646814593310825 -0.0002461332834812234 0.42020848887029455 1.6469405038029048 6.694938684381437e-05 
1737148661.8715513 2.791036532306671 3.0902254537582396 0.4351924039997935 1.6464757198513267 0.0 2.7907452132377055 3.0902843362704275 0.4168932087631756 1.6468216300222782 -0.0004189878470297065 0.4170468023218511 1.6470845071548763 0.00018979945651992287 
1737148661.8914926 2.7906396845817563 3.0969364599227904 0.4351924039997935 1.6461732740848969 0.0 2.790112556291597 3.0985838055048283 0.4169564659522526 1.6468286326582553 -0.0005910053574131244 0.4201534555608859 1.647196722285897 0.0004324428435869634 
1737148661.9115267 2.790089354896545 3.1036011532783507 0.4351924039997935 1.645786221760281 0.0 2.789476956930949 3.1069218746140757 0.41702001734322525 1.646835667862685 -0.0007638229014113099 0.42339954362893845 1.6471650542794964 0.000615009617804135 
1737148661.9314966 2.789263294124603 3.113513226890564 0.4351924039997935 1.6457621214498814 0.0 2.7888433922991216 3.1152332512648813 0.4170833652886711 1.6468426805454854 -0.0009360872087967125 0.4204025769261142 1.647107402722089 0.0004091940634109643 
1737148661.9515235 2.7888783077239987 3.1201010898590087 0.4322729126348393 1.6469521633502822 -0.008542343622825938 2.788208019859904 3.123568343520027 0.41714689399055155 1.6468497132382094 -0.0011088430535444017 0.4238123970524979 1.6472243913713938 -0.0008366150324328038 
1737148661.9715233 2.7884883145332333 3.13011711397171 0.4322729126348393 1.6470080148390895 -0.008542343622825938 2.787573509722119 3.1318921237295885 0.4172103364738816 1.646856736386451 -0.0012813644411402054 0.42070517973423965 1.6475759875256069 -0.0007133917546228903 
1737148661.99156 2.7881172160148617 3.136729355239868 0.4322729126348393 1.6475798450781958 -0.008542343622825938 2.786937827156947 3.1402312843520064 0.4172738961841881 1.6468637725118396 -0.001454204608196906 0.4240786096775376 1.6477056963561953 -0.001328353330197328 
1737148662.0115025 2.7873840788841244 3.146900470638275 0.4322729126348393 1.6475462177962774 -0.008542343622825938 2.7863051323906 3.1485312497287574 0.4173371571547805 1.6468707755664342 -0.00162623240178874 0.4205824771709979 1.6477515937975336 -0.001420856400532599 
1737148662.0316098 2.786869094753265 3.153719480419159 0.4322729126348393 1.647679693107969 -0.008542343622825938 2.7856672108673215 3.156899781978308 0.4174009407307967 1.6468778364739876 -0.0017996813347836698 0.42359960233621763 1.6477630902227485 -0.00171628422000411 
1737148662.0518246 2.7864765385627743 3.160749133014679 0.42649795846171934 1.6483141797847585 -0.028121739590898604 2.785025877958549 3.165313066267848 0.4174650653994992 1.6468849351408523 -0.0019740578131777257 0.42632095731506153 1.6479161565923324 -0.002372081005603826 
1737148662.0716386 2.78604249753952 3.170939858341217 0.42649795846171934 1.6485032171288285 -0.028121739590898604 2.78439726021389 3.173559547499246 0.41752791872273487 1.6468918930684648 -0.002144977076902311 0.42272855889701255 1.6482436659589592 -0.002404528246771621 
1737148662.0916843 2.78573994436264 3.1779091314315795 0.42649795846171934 1.6482922583703532 -0.028121739590898604 2.783761290214907 3.1819024788035253 0.41759150717255816 1.6468989323753476 -0.0023178953963429736 0.42544272597065286 1.6484645341291972 -0.002145619637498931 
1737148662.1114988 2.785056934738159 3.188298757457733 0.42649795846171934 1.649151569709878 -0.028121739590898604 2.783132657342152 3.190149158491863 0.4176543620084 1.646905890470407 -0.0024888187733509257 0.42143793419244374 1.6485734321471277 -0.003066956336101195 
1737148662.1315787 2.7846109131813046 3.1953864053726195 0.42649795846171934 1.6489171679343932 -0.028121739590898604 2.782495605684354 3.1985062794673587 0.4177180586095628 1.6469129417497543 -0.0026620311925522866 0.4239342670150143 1.6486685757111736 -0.002910623415771888 
1737148662.1514895 2.7841179231643673 3.202563519859314 0.42649795846171934 1.64849903012127 -0.028121739590898604 2.7818639169363455 3.2067930474575936 0.4177812189918464 1.6469199336691196 -0.002833785452800254 0.4261197315487902 1.6487261045608668 -0.002606711013203568 
1737148662.1714904 2.783548579597473 3.213477309131622 0.4392819255236902 1.6481245601870864 -0.01286301954527933 2.7812293689783223 3.215117323809505 0.4178446652566918 1.6469269572359788 -0.0030063171236044735 0.42128681065980994 1.6489190767745383 -0.0022118005361525857 
1737148662.1916099 2.7832243899345395 3.220630462551117 0.4392819255236902 1.6479382231776891 -0.01286301954527933 2.780591061688613 3.223490916711028 0.4179084874041648 1.6469340224134321 -0.003179870945325247 0.42370817577277986 1.6491267986396687 -0.001991295483345656 
1737148662.2115474 2.78251169719696 3.231195922279358 0.4392819255236902 1.6478660458644325 -0.01286301954527933 2.779958525767267 3.2317887982899083 0.41797173249239267 1.6469410237098325 -0.003351855549441734 0.41946395526418917 1.6492180746175709 -0.001999826796303399 
1737148662.2315729 2.7819972495079037 3.2381409362792968 0.4392819255236902 1.6470901047139743 -0.01286301954527933 2.7793231987123352 3.240123295174234 0.41803525665645463 1.6469480559002154 -0.0035245990543393236 0.4221773527005228 1.6492385962357408 -0.0013761075325728856 
1737148662.2516398 2.781477854633331 3.245074506187439 0.4615616384843951 1.6463512310608086 0.032671100042052884 2.7786865555131106 3.2484750578123474 0.41809891241725144 1.646955102658492 -0.0036977004148897913 0.4249447460738891 1.6491428689188012 -0.0009060625568971564 
1737148662.2716062 2.7810175875663754 3.2553794340133666 0.4615616384843951 1.6462904918421828 0.032671100042052884 2.778053104341998 3.2567849460361025 0.41816224901815124 1.6469621140854396 -0.0038699338726499465 0.4212535694033962 1.6494310665109293 -0.0007293592039034368 
1737148662.291624 2.7806163290977475 3.2620748237609862 0.4615616384843951 1.6466548696976577 0.032671100042052884 2.7774223203568953 3.265108674625456 0.418131678810942 1.6469263798312521 -0.003940608288209273 0.4243408568751267 1.6494863903964205 -0.0011090875894464716 
1737148662.3115318 2.7799934009552 3.272382612609863 0.4615616384843951 1.6466258195038097 0.032671100042052884 2.7767994150901014 3.2733788199596017 0.4180048713180168 1.6468470168133942 -0.003906358264113166 0.42035326860112115 1.649541397582429 -0.0009907801854939693 
1737148662.331612 2.779471085453033 3.279382284069061 0.4615616384843951 1.6467311044030057 0.032671100042052884 2.776171108759664 3.2817206737599793 0.41787696430743415 1.6467669656576553 -0.003871811266191677 0.4227829640612185 1.6494647397941755 -0.0011381758750219017 
1737148662.3515623 2.779028520965576 3.2863853529930114 0.45254028018236775 1.6463390883032842 -0.012681095416669574 2.7755468756070574 3.290008449076154 0.41774988649110695 1.6466874334567272 -0.00383748822919375 0.42511550187395075 1.6495131872667461 -0.00066338926573187 
1737148662.3716228 2.7783205369949338 3.2970632270812987 0.45254028018236775 1.6464846379420708 -0.012681095416669574 2.7749191884593305 3.298342082154574 0.4176221055302005 1.6466074611897232 -0.0038029752766141206 0.42053441599691893 1.6495196536299819 -0.0007679595887030294 
1737148662.3915946 2.777913377666473 3.304022546195984 0.45254028018236775 1.6461624553650311 -0.012681095416669574 2.774294276443752 3.3066388705514496 0.41749488951483077 1.6465278424963268 -0.0037686149127956 0.4229719116026175 1.6495426183142317 -0.0003884519635950841 
1737148662.4115372 2.7772896150588986 3.3146433190345763 0.45254028018236775 1.6461073752984343 -0.012681095416669574 2.776377414453242 3.318129361666201 0.460738394474345 1.645623831217357 0.004803129195020657 0.46747290901652 1.6461975166674332 0.004893270564019532 
1737148662.431576 2.7767681936264035 3.3217817501068114 0.45254028018236775 1.6457919674402937 -0.012681095416669574 2.7756923526766095 3.327321174082792 0.46061085050295647 1.64555114154634 0.006102285479297783 0.47125902524100294 1.6461337400151617 0.006444058054165787 
1737148662.4515967 2.7762076715469357 3.3289542154312133 0.45254028018236775 1.6454809649310163 -0.012681095416669574 2.7750079103564254 3.3365046749460796 0.46048342186121877 1.6454785176038265 0.007400267021726638 0.47495939028304435 1.6460380753556179 0.007957377446328242 
1737148662.4715161 2.7756337980270382 3.3394007638931273 0.45254028018236775 1.6455403308058938 -0.012681095416669574 2.774326932101906 3.3456416967283897 0.46035663815502864 1.6454062612220237 0.008691679284082945 0.47236650976507966 1.6461469920366345 0.009298340514823658 
1737148662.491551 2.7751967171669003 3.346418018722534 0.447355768546857 1.6452010182865844 0.015376280276977433 2.7736420088879004 3.354831649981742 0.46022911998106203 1.6453335862534348 0.009990572797157168 0.4763906077306803 1.6461596337350493 0.01094918824562204 
1737148662.5115225 2.7743215421676632 3.3567702726364135 0.447355768546857 1.6444905401673866 0.015376280276977433 2.772959245620721 3.3639926221610734 0.46010200394337797 1.6452611404697601 0.011285370170892034 0.47397899983172426 1.6459954170409774 0.012790247044482833 
1737148662.5316422 2.7737346748352047 3.363936419868469 0.447355768546857 1.6447423581895262 0.015376280276977433 2.772271420742299 3.373221508479903 0.45997394554104676 1.645188157615023 0.012589766422097616 0.477773451046714 1.6458758510794147 0.013723259311986126 
1737148662.5516107 2.773321137809753 3.3711664036750792 0.44783976952271504 1.6451097784291855 0.014670310714689026 2.7715887634347753 3.3823810589461694 0.459846849230803 1.6451157230743816 0.013884362853147914 0.4813402737466636 1.6459150203310156 0.014689604754977981 
1737148662.5718563 2.772771106147766 3.3821330622673034 0.44783976952271504 1.6457951665497108 0.014670310714689026 2.7708966349641866 3.391667688687954 0.4597179895908973 1.6450422835795144 0.01519692046877304 0.47804804997347594 1.6460801989123517 0.01548195283141392 
1737148662.591849 2.7723866561889645 3.3898220614433288 0.44783976952271504 1.6463234868559653 0.014670310714689026 2.770213146280903 3.400838394133655 0.45959073849612214 1.6449697608243024 0.016493093527040748 0.48077023040543826 1.6461765878298367 0.016346194500912115 
1737148662.611739 2.771655724430084 3.4012105421066283 0.44783976952271504 1.6461787779231247 0.014670310714689026 2.7695331787184836 3.409961854960574 0.4594641429593624 1.6448976116837424 0.017782589105328827 0.4763445586045779 1.6462095361405875 0.017813347322791617 
1737148662.6315405 2.771079883956909 3.4090070680618285 0.44783976952271504 1.646906255677608 0.014670310714689026 2.7688562269308785 3.419044851646407 0.45933810889590293 1.6448257825372128 0.019066365545671392 0.4786701046164078 1.6461433543364141 0.01830346420447756 
1737148662.651641 2.7706627706527707 3.4167176441192626 0.4652280203232084 1.6472889491819382 0.0 2.768169062262619 3.428264879599215 0.4592101734106996 1.6447528697352232 0.020369509769380796 0.48143996633693753 1.6461574930704512 0.01923805365789378 
1737148662.6716478 2.7701419452667233 3.428334112548828 0.4652280203232084 1.648432718008545 0.0 2.7674850926855137 3.4374420374349812 0.45908283278369544 1.644680295953936 0.02166659479829387 0.4767131831592184 1.64638035239754 0.0196142291872889 
1737148662.6915407 2.769803450489044 3.4363121346473693 0.4652280203232084 1.648664104708213 0.0 2.766805019163439 3.4465669199749653 0.45895621751949545 1.6446081355703424 0.02295629131926652 0.4788072195856423 1.646528937462138 0.020821124073191533 
1737148662.7114942 2.769079432868957 3.4482911185264586 0.4652280203232084 1.6487705855070225 0.0 2.766122875352708 3.455719580600993 0.45882921681146227 1.644535755515171 0.02424991395115312 0.47331866248395665 1.646600330500602 0.02207965894473269 
1737148662.7316096 2.7685069898605343 3.4563631371498107 0.4652280203232084 1.6491691750759319 0.0 2.7654351971876556 3.4649464983940397 0.45870118572404833 1.6444627882277112 0.02555403197402622 0.4753947150844238 1.6465535684551198 0.022938425353214158 
1737148662.751562 2.767931507015228 3.4645288542747497 0.5027593720599948 1.6486693950787292 0.032687396918662646 2.7647530859798954 3.4740987215698933 0.4585741910859968 1.6443904116319348 0.02684759277739449 0.477151585000374 1.6463525148037566 0.024530712502421812 
1737148662.77189 2.767267272853851 3.4767120436668395 0.5027593720599948 1.6488761581646687 0.032687396918662646 2.7640581455030606 3.4834230813891773 0.45844480791017606 1.6443166737642554 0.02816548310272557 0.4716090721894458 1.646470786218412 0.025760111156468896 
1737148662.7917833 2.766744182491302 3.4845417694091796 0.5027593720599948 1.6483761672903434 0.032687396918662646 2.763352735261007 3.4925060605469413 0.45828359798934293 1.6445664121477903 0.028805058324957528 0.4738494070108888 1.6467903189290722 0.027219209963686347 
1737148662.811485 2.7659221748352047 3.496221180343628 0.5027593720599948 1.647846904015109 0.032687396918662646 2.762628426928459 3.5014587724033643 0.4580888377255831 1.645140410116642 0.028778693475360283 0.46847756208775876 1.647444191531421 0.028375980991672444 
1737148662.8315494 2.765366719150543 3.503877277755737 0.5027593720599948 1.6482587195990683 0.032687396918662646 2.7618907867997735 3.5105762700616103 0.45789049265682324 1.645724973232352 0.028751843347899694 0.47107720897760097 1.6480837136052005 0.02857683735403181 
1737148662.8515594 2.764961467170715 3.511504288101196 0.5168821759877019 1.648357379030628 -0.01826332705455312 2.764107835628185 3.5154023382843866 0.5020749149859342 1.6502196973270473 0.016790351747677533 0.5095865312345783 1.650638879626114 0.019071852343163463 
1737148662.8716648 2.764342890167236 3.5228735164642333 0.5168821759877019 1.6487883176808957 -0.01826332705455312 2.763261987539248 3.5254251998542667 0.5018771359235938 1.650754695580379 0.014028436136601524 0.506873871647173 1.6514307784321025 0.0166708968878083 
1737148662.8916435 2.7638353566169735 3.5306544260025023 0.5168821759877019 1.6489268796741852 -0.01826332705455312 2.7624214656211583 3.5353849490594094 0.5016806022445438 1.651286325034824 0.01128391186872684 0.5108554656003869 1.6520826105030668 0.014439642697608493 
1737148662.9117513 2.763031945610046 3.5424071506500243 0.5168821759877019 1.64849147446381 -0.01826332705455312 2.7615755172276852 3.5454089991860642 0.5014827997286576 1.6518213867306957 0.008521668737063233 0.5073915359027937 1.652756757317672 0.012786951590925306 
1737148662.931643 2.762425289535522 3.5501202897071837 0.5168821759877019 1.6485752947859775 -0.01826332705455312 2.76073865642515 3.5553253660689292 0.5012871221040349 1.6523507005324218 0.00578909897063579 0.5114048844891304 1.653323456450691 0.010537260635349158 
1737148662.951686 2.7619035104751584 3.558027680301666 0.49014438963307166 1.6489591383945785 0.06147548042284226 2.759895436315049 3.565317087451312 0.5010899575245987 1.6528840365911992 0.0030357643989547822 0.5152059266183677 1.654029505414676 0.008106131419052337 
1737148662.9715862 2.761170432949066 3.5698983625411986 0.49014438963307166 1.6481389534110227 0.06147548042284226 2.7590582144161853 3.575237733138566 0.5008941954672107 1.6534135787860704 0.00030201555841199296 0.5113354355599471 1.6547718646950669 0.006934926842456189 
1737148662.991601 2.7606835822105404 3.5781280950546264 0.49014438963307166 1.6490344376713526 0.06147548042284226 2.758216177899606 3.5852154295510066 0.5006973076396167 1.653946166222873 -0.0024474542703353842 0.5145059154770129 1.6554724480577672 0.003990556116079177 
1737148663.011499 2.7598470906257626 3.5903338150024413 0.49014438963307166 1.6489330360036762 0.06147548042284226 2.7573790563052776 3.595134886681486 0.5005015690357746 1.6544756449752036 -0.005180875590290575 0.5099834776576881 1.6561552437946319 0.00204133220066504 
1737148663.0316648 2.7592840055465695 3.5985636667251586 0.49014438963307166 1.648742986155473 0.06147548042284226 2.756530660481133 3.605187937593444 0.500303194253367 1.6550122546690573 -0.007951110224291513 0.5132844906557468 1.6567965246393073 0.00010242825954276391 
1737148663.0516078 2.7586590508460995 3.606706734085083 0.515479383592111 1.64934007174199 0.0237983698199722 2.755691643131079 3.6151298584469655 0.5001070123775063 1.6555429324853987 -0.010690721683352264 0.5165304330259419 1.6572840526168529 -0.0027467408084893424 
1737148663.071837 2.7575380662918088 3.619090433502197 0.515479383592111 1.649973190391242 0.0237983698199722 2.754840589236738 3.625214406113454 0.4999080160761309 1.6560812234065687 -0.013469635612924483 0.5119376226299086 1.6577620056048694 -0.005680820399297085 
1737148663.091631 2.756957874679565 3.6272896484375 0.515479383592111 1.6501147165480083 0.0237983698199722 2.7540078409201674 3.6350820421685555 0.4997133000468925 1.6566079360641452 -0.01618877703526051 0.51494443867799 1.6583704267962236 -0.007933066787045258 
1737148663.1114862 2.7563086012840268 3.639943237686157 0.515479383592111 1.651335566995245 0.0237983698199722 2.7531725147770287 3.6449802241327673 0.499517981261523 1.6571362791950057 -0.018916335736697744 0.50956626060318 1.6592236935771643 -0.011028209154778458 
1737148663.1315308 2.7558895806312558 3.648466463470459 0.515479383592111 1.6508367691702577 0.0237983698199722 2.752329224453753 3.654972777504892 0.4993208002646046 1.6576696596635612 -0.021669899572790065 0.5122228083256936 1.6599839402635037 -0.012522728479544033 
1737148663.151492 2.755335436248779 3.6571305946350097 0.5308644966396289 1.651673278801518 -0.0019212804880343922 2.751489434758774 3.664923850245579 0.49912443779644006 1.6582008259874623 -0.024412032940375306 0.5145126584862634 1.6605750781367048 -0.01551023360518855 
1737148663.1715972 2.754445360088348 3.669957394981384 0.5308644966396289 1.6521390204384772 -0.0019212804880343922 2.7506435967002907 3.674946592959782 0.4989266610794544 1.6587358178965401 -0.027173915799392552 0.5090036868630686 1.66125916110732 -0.01805377513054974 
1737148663.191598 2.7538651088714596 3.6783181385040282 0.5308644966396289 1.6521699177789981 -0.0019212804880343922 2.749802151980472 3.684917276887252 0.4987299116277816 1.659268031022355 -0.029921453256673114 0.5119009815023097 1.6618781003437835 -0.020213270691887775 
1737148663.2114851 2.7532938579559323 3.69109260597229 0.5308644966396289 1.652708297636273 -0.0019212804880343922 2.7489654817565548 3.694831385512245 0.49853427856489624 1.6597972242832548 -0.03265340073398413 0.5063406172934866 1.6627952903648977 -0.022566408005359452 
1737148663.2315814 2.752794728660583 3.6996753171920775 0.5308644966396289 1.6532125238451236 -0.0019212804880343922 2.7481200148248535 3.704849730566381 0.4983365886260306 1.6603319814549335 -0.035414071766827274 0.5089225144177609 1.6634915816635198 -0.025135013948431054 
1737148663.2515473 2.752231166744232 3.708534355545044 0.5330939711519084 1.6526900971934917 0.0011095247589098137 2.7472800345512565 3.71480306156494 0.4981401815961287 1.6608632683196611 -0.03815682742352894 0.5108481500199709 1.6641401450462447 -0.026706779570775885 
1737148663.2716262 2.7512584189414975 3.7215871767044066 0.5330939711519084 1.6511746982209583 0.0011095247589098137 2.746435299842666 3.7248127301546208 0.49794266286814853 1.6613975623607962 -0.040915107556082644 0.5048748436436624 1.6647826919465196 -0.027307113830521326 
1737148663.2916136 2.7508572200775143 3.73017370262146 0.5330939711519084 1.6508261693663853 0.0011095247589098137 2.7456279683925646 3.7346138558724182 0.49727682952679875 1.661236434810016 -0.04058440060582171 0.5065754886690171 1.6648431824664747 -0.026567387505732308 
1737148663.311622 2.749955580615997 3.7426791147232055 0.5330939711519084 1.6505959870596396 0.0011095247589098137 2.7448555373652845 3.744251703850747 0.49611036672587816 1.6603367892032128 -0.03697555130662375 0.4999526294661765 1.664042677849068 -0.023528860517195355 
1737148663.3315363 2.749331102752685 3.7509549812316894 0.5330939711519084 1.6490313953282336 0.0011095247589098137 2.7440867328179652 3.753844303177326 0.49494938034139163 1.659441367335034 -0.033383645163773824 0.5012993228425774 1.6631690153246577 -0.01924602516734978 
1737148663.3516376 2.7488211850166318 3.759042973899841 0.54783631233566 1.6494333728419868 -0.031492718716211135 2.7433107121277804 3.763526940430229 0.4937774967221733 1.6585375408702017 -0.029758024719967392 0.5031813338750508 1.6622585995540637 -0.016932798007890416 
1737148663.3716075 2.7481429437637326 3.771226997756958 0.54783631233566 1.6487208584298287 -0.031492718716211135 2.742539762986982 3.773146298477259 0.49261327174624225 1.657639621207354 -0.02615609889328728 0.49716939520571374 1.6615937716140312 -0.013283185709084808 
1737148663.3915515 2.747615859889984 3.7794642404556273 0.54783631233566 1.6482590240079602 -0.031492718716211135 2.741769817110944 3.782753138496267 0.49145056181952773 1.656742870040725 -0.022558860386510563 0.4986296189495574 1.6607894163184624 -0.010028468076008327 
1737148663.4115229 2.7467887262344357 3.7919079021453856 0.54783631233566 1.647871909597993 -0.031492718716211135 2.740998812744562 3.7923731856090597 0.4902862534463921 1.6558448860569845 -0.018956676542221093 0.492101516733309 1.6600282003720077 -0.006800385768206393 
1737148663.4315042 2.7461884478569027 3.8002352670669555 0.54783631233566 1.6482306124053374 -0.031492718716211135 2.7402274217990983 3.801998056182191 0.4891213612928244 1.654946451826995 -0.015352686574666093 0.4934106679083353 1.6591752582790207 -0.004408040700982826 
1737148663.4515314 2.74563722410202 3.8086228326797484 0.5260902324152347 1.6474116935368885 0.022106402468576335 2.7394542636349737 3.8116449768597285 0.48795380042871017 1.6540459593284373 -0.011740440043611543 0.49465269690218455 1.6585396414393434 -0.0006124921411566828 
1737148663.471553 2.744812176609039 3.8209181980133056 0.5260902324152347 1.6466239269512792 0.022106402468576335 2.7386813171689175 3.821289256118509 0.48678655925388015 1.6531457133933019 -0.00812918258005954 0.48844731915429934 1.6577681280715273 0.0030150185401885132 
1737148663.4915218 2.7442526082038876 3.8291053728103637 0.5260902324152347 1.6473481340868357 0.022106402468576335 2.737910414049438 3.83090803994407 0.48562240377561955 1.6522478473311981 -0.004527471768053903 0.49001648298042555 1.6569424447171983 0.005066838862308742 
1737148663.5114856 2.7434941390991208 3.8413878635406493 0.5260902324152347 1.6463843424749585 0.022106402468576335 2.7371397042195 3.8405244120394615 0.484458540187575 1.6513502063922192 -0.000926664017681024 0.48379482022595194 1.6562187688367724 0.008907762344132951 
1737148663.531613 2.742998347663879 3.849529500389099 0.5260902324152347 1.64680751123579 0.022106402468576335 2.736362671060291 3.8502196821646804 0.48328512761960607 1.65044520071102 0.0027036867489636934 0.4855954348533466 1.6554326881491224 0.011328863662296004 
1737148663.5516014 2.742362306499481 3.857541079902649 0.5191163076367817 1.6463387647920655 -0.032672449352760986 2.735591013191175 3.859847883222331 0.4821198323795496 1.6495464555967154 0.006308923801630603 0.48750125703073066 1.654607963582073 0.01457812259163803 
1737148663.5715358 2.741368995094299 3.869311566734314 0.5191163076367817 1.6469797439534914 -0.032672449352760986 2.7348214354856917 3.869450129469588 0.4809576784341989 1.648650133236038 0.009904442191011581 0.4821876999709175 1.6536716630404036 0.016596361277923716 
1737148663.5916321 2.740834758663177 3.8772470907211303 0.5191163076367817 1.646936980432504 -0.032672449352760986 2.7340456080850477 3.8791303549923213 0.4797860867051967 1.6477465318943303 0.013529159573185248 0.484345329787486 1.652850766038475 0.01944294517915625 
1737148663.611481 2.7402741769790646 3.888921375656128 0.5191163076367817 1.647738366676932 -0.032672449352760986 2.7332793347102893 3.888691372138111 0.47862892269258667 1.6468540580670692 0.017109239908939457 0.47920302736970155 1.652241697902376 0.021612571134383342 
1737148663.631524 2.739842639350891 3.896859879875183 0.5191163076367817 1.6472060836417741 -0.032672449352760986 2.732505559860486 3.8983459873833315 0.47746043055968795 1.6459528473185425 0.020724367636631873 0.4813227907121063 1.6515043646282122 0.025022648623069903 
1737148663.65149 2.739403353118896 3.9048043445587157 0.5191163076367817 1.6477543684851124 -0.032672449352760986 2.7317347671921732 3.9079633930773676 0.47629644187583653 1.6450551098982245 0.0243255624134188 0.48336304638244787 1.6507671244529836 0.027338318381290007 
1737148663.6716714 2.738660083198547 3.916637654685974 0.5191163076367817 1.648508473658279 -0.032672449352760986 2.730955653869332 3.9176846180129803 0.4751198880131618 1.644147681463398 0.027965631843349444 0.47817652523500215 1.6500091021310097 0.029466260316080246 
1737148663.6915479 2.738103375816345 3.9245121435165404 0.5191163076367817 1.6494745313955859 -0.032672449352760986 2.730188312799966 3.9272589570968486 0.4739611116545966 1.643253964098877 0.0315507005195513 0.4802549512883154 1.6491835415856637 0.03125971070962915 
1737148663.7115667 2.7376162866592404 3.9362356618881225 0.5106859753701923 1.6499882761580935 -0.014591832503054621 2.7294154767850762 3.9369018582241035 0.47279403727417574 1.642353846805527 0.035161441947884585 0.4751705267351531 1.6487233830966608 0.03389654888645185 
1737148663.7316225 2.737135575199127 3.9439701990127563 0.5106859753701923 1.6506550682064867 -0.014591832503054621 2.7286412141092886 3.9465625602168943 0.4716248084659699 1.6414520678891142 0.03877884883112636 0.4776771336209928 1.647945324442252 0.03606910506689164 
1737148663.7516038 2.7367021302223202 3.9519325450897216 0.5011713264207568 1.650798816902725 0.01921669933235231 2.7278698231638248 3.9561874307900258 0.4704599163124022 1.6405536336591247 0.042382838798681356 0.47969372804870836 1.647349015751306 0.03893303764726234 
1737148663.77158 2.735768363857269 3.964006538772583 0.5011713264207568 1.6513527914661226 0.01921669933235231 2.7270986347121657 3.9658097747886942 0.46929532994858464 1.6396554352724084 0.045985882701668694 0.47384643202810506 1.646459480152102 0.041092571387648096 
1737148663.7915804 2.7353442172050473 3.97202682056427 0.5011713264207568 1.6513267194609031 0.01921669933235231 2.726339483488243 3.975253165899978 0.46849014525761645 1.6396624249663447 0.048138078464810066 0.47578247359833464 1.6466550328858298 0.043466391889736736 
1737148663.8115706 2.7348712543487546 3.979895587348938 0.5011713264207568 1.651963038576015 0.01921669933235231 2.725594634888154 3.984487275085517 0.4680722593845686 1.6406411650767805 0.04872880615074705 0.4780046133633783 1.647771186070622 0.04453695364535405 
1737148663.8315446 2.7340184310913083 3.991684670829773 0.5011713264207568 1.6509370427134895 0.01921669933235231 2.733375023347598 3.9923448767714897 0.5001541775572036 1.6534694186076786 0.04519341126090241 0.5015052308489402 1.6539376744838485 0.04819404303126144 
1737148663.8515253 2.733374700927734 3.999324317359924 0.49914873061747905 1.6524006241822897 0.017641993657887038 2.732466262830649 4.002213097952225 0.4997418061186879 1.6543927746175626 0.04516818749980384 0.5053554329835914 1.6549249246327142 0.04769248795022835 
1737148663.8715215 2.7326596240043637 4.01078700580597 0.49914873061747905 1.6515535810959647 0.017641993657887038 2.731556797469912 4.012088973024456 0.49932911484074133 1.6553168467916453 0.04514294417490274 0.5019708942767234 1.6561093781525933 0.049698741231531306 
1737148663.8915424 2.732218490028381 4.018254037284851 0.49914873061747905 1.651799560282395 0.017641993657887038 2.730646204359116 4.021977094323079 0.4989159118197054 1.656242064828445 0.045117669547917585 0.5062187862073737 1.657242822043815 0.050560931309337545 
1737148663.9115255 2.7314385036468503 4.029898519897461 0.49914873061747905 1.6524572835814617 0.017641993657887038 2.7297373354046606 4.031846493025583 0.4985034911751234 1.6571655310174365 0.04509244277700325 0.5024696174113421 1.6583890465642819 0.051024205759823416 
1737148663.9315562 2.7309034327507016 4.037875051879883 0.49914873061747905 1.6523045565870955 0.017641993657887038 2.7288262977000906 4.041739442163456 0.49809008640921565 1.6580912007885769 0.04506715580977342 0.5057484184869762 1.6594794134643536 0.05224201268703147 
1737148663.9515474 2.73027221956253 4.046021337890625 0.5053885432793853 1.6526752927845336 0.01902427940348805 2.727917060058116 4.051612844439973 0.49767749846400827 1.6590150415865337 0.04504191880548544 0.5086540763275079 1.660481923755349 0.052848549776300796 
1737148663.971555 2.7293709377288815 4.0582182363510135 0.5053885432793853 1.653108663291943 0.01902427940348805 2.7270070741973518 4.061494371616693 0.49726457099694354 1.6599396426203317 0.04501666103346862 0.5038642011325849 1.6615723007121324 0.05348029845365803 
1737148663.9916291 2.7288845042228695 4.066512461090088 0.5053885432793853 1.6531774949009284 0.01902427940348805 2.726094062930177 4.071408751650752 0.49685027068062937 1.6608673176512274 0.044991319287591695 0.5065921201984983 1.6627183366379295 0.05453216102459279 
1737148664.011496 2.727915034675598 4.0790569738388065 0.5053885432793853 1.6529471562392848 0.01902427940348805 2.725190474882252 4.081220805043131 0.49644024637147555 1.6617854181176868 0.04496623909470558 0.501004710701509 1.6637772894916016 0.055796372347022435 
1737148664.0315592 2.7272525290489193 4.087413902664185 0.5053885432793853 1.6538236105901265 0.01902427940348805 2.7242779624276037 4.091129768477056 0.4960261724030663 1.662712586324688 0.04494091119398121 0.5035749658326107 1.6647869811845153 0.05590428178837 
1737148664.0516016 2.7267106632232663 4.095709438705445 0.5205056406847053 1.6541580429585785 0.03765742537306685 2.7233663933792553 4.101028487471595 0.49561252652743376 1.6636387959734549 0.04491560947865409 0.5062637998241146 1.665818782249829 0.056576348769904534 
1737148664.0716362 2.7256900528907773 4.108237262153626 0.5205056406847053 1.655017523012935 0.03765742537306685 2.7224551821746763 4.110923320644298 0.49519904303182 1.664564642031167 0.044890317695719016 0.5008553562396226 1.6668463897790793 0.05671918446186338 
1737148664.0916448 2.725005255126953 4.116399402999878 0.5205056406847053 1.6545311217669478 0.03765742537306685 2.7215451529389094 4.120805318829725 0.4947860958823287 1.6654892871366083 0.04486505871977589 0.5037408948572587 1.6678162623981825 0.05815019935101054 
1737148664.1114838 2.7240094403266903 4.128918524169922 0.5205056406847053 1.6564136457576908 0.03765742537306685 2.720642833609802 4.130603595217413 0.49437664728415043 1.6664060985075104 0.04484001374173433 0.49817411200566647 1.6688578380610402 0.0572842060450837 
1737148664.131502 2.7233865121841427 4.137102837944031 0.5205056406847053 1.6581437700103732 0.03765742537306685 2.7197323706240124 4.140490303489914 0.493963503310394 1.6673311843293814 0.044814742726528106 0.5010386115622252 1.669875341472036 0.05654631418819092 
1737148664.15153 2.7228996614456173 4.145461078071595 0.5405159251731109 1.6595594986685982 0.054907880920262934 2.7188214522006984 4.150381957353842 0.4935501526711592 1.6682567329035036 0.04478945907009563 0.5036090604417516 1.6709060651517584 0.056136025553255864 
1737148664.171549 2.721945748710632 4.157980795288086 0.5405159251731109 1.6613406474284962 0.054907880920262934 2.7179109458399067 4.1602691366350495 0.49313698901497627 1.6691818627970174 0.04476418685096309 0.49821667506568273 1.6719869636125269 0.05541050303499376 
1737148664.1917732 2.7212843755722043 4.166203852081299 0.5405159251731109 1.6619605297843771 0.054907880920262934 2.71699111385362 4.170257582788347 0.4927195936370927 1.6701164680937708 0.04473865578767395 0.5011922854527174 1.6729805003567102 0.05575862636000701 
1737148664.2115698 2.7203295091629025 4.178517337226868 0.5405159251731109 1.6632003749896602 0.054907880920262934 2.7160907247121147 4.180034899288556 0.4923110209068943 1.6710313182765608 0.044713664384353174 0.49598571410225645 1.6740400275002514 0.05555331689494433 
1737148664.2316658 2.7198300818443295 4.186598296546936 0.5405159251731109 1.6649809140363918 0.054907880920262934 2.715176715819887 4.189960112522886 0.4918962678947703 1.671960006955245 0.04468829494817112 0.499143788006283 1.6751347859739518 0.05484216688573113 
1737148664.2517653 2.719371364498138 4.194808478736878 0.5255554532410942 1.6651041333217516 0.04616782303830787 2.7142625551151514 4.199886974287692 0.49148144599415355 1.6728888498846795 0.044662921298246984 0.502069289200494 1.6763629751150266 0.05592176309152206 
1737148664.271605 2.7183334688186642 4.207073803329468 0.5255554532410942 1.666646138455673 0.04616782303830787 2.713360203254792 4.20968560393191 0.49107198263415536 1.6738056943093138 0.04463787541726069 0.4969795838166123 1.6773663608112823 0.05535809777287001 
1737148664.2918093 2.717619941616058 4.215380545043946 0.5255554532410942 1.6673811144163626 0.04616782303830787 2.71236182142379 4.2193898004894415 0.4899892124828888 1.6747675064064056 0.045870608314918355 0.4986022730803068 1.6784311408782335 0.056920634776789276 
1737148664.3115826 2.7166607836723324 4.227792020225525 0.5255554532410942 1.6671147713517818 0.04616782303830787 2.711297674932141 4.228586172084676 0.4881999441157462 1.6757396148931638 0.04845588328214387 0.49076783654633627 1.6797356823881973 0.06107679431855936 
1737148664.331577 2.71600996055603 4.235928650283814 0.5255554532410942 1.667479168448682 0.04616782303830787 2.710221621188497 4.237885446348752 0.48639065475572113 1.676722600773974 0.0510700861467539 0.49125030436709183 1.6809459224496883 0.06453684014776018 
1737148664.351531 2.715141878509521 4.243844504737854 0.5147351046165395 1.6685689479440777 0.03075201484124352 2.7091477487302393 4.247165869908407 0.4845850330344784 1.6777035940287186 0.0536789897198172 0.4920745188343059 1.682059598392969 0.0671696401687084 
1737148664.3716047 2.7140680412292477 4.255856151962281 0.5147351046165395 1.6693876557166112 0.03075201484124352 2.708067435064545 4.256501958489354 0.48276858099165487 1.6786904713910216 0.05630354178909497 0.48521610461309794 1.6832723451522051 0.07018823122468892 
1737148664.3916655 2.713433788204193 4.263722892189026 0.5147351046165395 1.6707026341021927 0.03075201484124352 2.706987814277738 4.265832059199483 0.4809532939635034 1.6796767158015153 0.058926410553999074 0.48626762998755646 1.6844780688532663 0.07270184530507276 
1737148664.411741 2.7124955514907834 4.275632615470887 0.5147351046165395 1.671364109396575 0.03075201484124352 2.7059073979633195 4.275169034872403 0.47913666932591364 1.6806636869344567 0.06155121200170258 0.47963365404226904 1.6857919195399071 0.07597902214503474 
1737148664.4316845 2.7118930677413937 4.28354513206482 0.5147351046165395 1.672047277277921 0.03075201484124352 2.704834090073045 4.284444579426207 0.4773319968758852 1.6816441644506903 0.06415874399342436 0.48051396681183056 1.6870186492848156 0.07913011600031905 
1737148664.451571 2.7110718349456784 4.291742558860779 0.5106342895867136 1.6729000597672838 0.04367789560931361 2.7037638488134026 4.293693622107325 0.4755324806944978 1.6826218405691022 0.06675882580467751 0.48076558224963484 1.688140110819227 0.08199887685662077 
1737148664.4717097 2.7098765233993527 4.303777213478089 0.5106342895867136 1.6739429644517285 0.04367789560931361 2.702680032259998 4.303059982701842 0.4737101388552767 1.68361191785444 0.06939188791273328 0.4738953496733275 1.6892765664030844 0.08472548986408919 
1737148664.4917128 2.7091561416625973 4.311940784835816 0.5106342895867136 1.6743870819551416 0.04367789560931361 2.7016035165970957 4.312363248879796 0.47190007281880364 1.6845953257031228 0.07200721298025908 0.47432692806602855 1.6904356829716882 0.08805581399680568 
1737148664.51149 2.7080826620101925 4.323860521697998 0.5106342895867136 1.6758410346191979 0.04367789560931361 2.700539151976908 4.321561505545473 0.4701104376877828 1.6855676334524874 0.07459301787663927 0.4674125426860769 1.6916440510796578 0.09039603433709917 
1737148664.531487 2.7073119739532467 4.331820722007752 0.5106342895867136 1.6760111666327324 0.04367789560931361 2.6994629699223585 4.330861888674515 0.46830093258429994 1.6865507365465957 0.07720753246428147 0.46821375109562546 1.6927446945511582 0.09394106038270722 
1737148664.5516312 2.7065257886886593 4.339632387542725 0.523421105221392 1.677234931321872 0.09457476929856971 2.6983788582538724 4.340230799658453 0.46647809453512595 1.6875410834225186 0.07984131153531121 0.4694101919833976 1.6936712691358051 0.09627764934924438 
1737148664.5715787 2.7053371528625485 4.351364727401734 0.523421105221392 1.6799936890753757 0.09457476929856971 2.697305332235059 4.3495082292827005 0.4646730553212193 1.6885217602013587 0.08244937345618766 0.46296258336223944 1.6947837719000969 0.09723945628090883 
1737148664.5916116 2.7046007970809933 4.359073515319825 0.523421105221392 1.6804425211132235 0.09457476929856971 2.696227212685842 4.358825356272729 0.4628602924915239 1.6895066332162663 0.08506859506161549 0.46427627618393086 1.6958830895918815 0.10050916354027353 
1737148664.6115563 2.703230188274383 4.370497222328186 0.523421105221392 1.681815850662566 0.09457476929856971 2.6951538406401148 4.3681014552590165 0.46105551216976653 1.6904871693391488 0.08767628291485335 0.4583685033464217 1.6968335102344665 0.10269394248675384 
1737148664.631603 2.7023244360923764 4.3781433061599735 0.523421105221392 1.684590498843404 0.09457476929856971 2.694074976887648 4.377425013665847 0.45924149802801595 1.6914727221911847 0.09029731251386772 0.45977354593722747 1.6977971327102535 0.10350394638071722 
1737148664.6515894 2.7016069153785702 4.385750050926209 0.5005618760867006 1.685843499530963 0.06034173867441785 2.6929993594010813 4.386720517789039 0.45743294219574737 1.6924553095467818 0.09291045552016841 0.4612478669416491 1.699188568924814 0.10625552491401946 
1737148664.6715577 2.7005541185379025 4.397115106964112 0.5005618760867006 1.6893847571641631 0.06034173867441785 2.6919247170773937 4.3960075945384895 0.45562602601375796 1.6934370060813142 0.09552122943142466 0.455543321057511 1.7003891393382813 0.1065256116055428 
1737148664.6915286 2.699725196743011 4.404783959770203 0.5005618760867006 1.6903648593534206 0.06034173867441785 2.6908499336117098 4.405295891039403 0.45381887251396497 1.6944188315504745 0.09813234623801631 0.45686343451734757 1.7014063902864784 0.10917387717107413 
1737148664.7114952 2.698526010894775 4.416006918334961 0.5005618760867006 1.691744648510052 0.06034173867441785 2.6897753811056555 4.414582191583377 0.452012107352396 1.6954004460356984 0.10074290194315005 0.4513924538637846 1.7024802544415445 0.11147850787464253 
1737148664.731491 2.6976257423400876 4.423274751091004 0.5005618760867006 1.6934881114925158 0.06034173867441785 2.688699250375468 4.423882131166433 0.45020268854629625 1.6963835022444873 0.1033572918415794 0.45347201407925786 1.7033995912143989 0.1132687715634625 
1737148664.7515635 2.696861372375488 4.430843348884583 0.5005618760867006 1.695464647406755 0.06034173867441785 2.6876190008652263 4.4332176653148965 0.44838634437520164 1.6973703210001412 0.10598168804934108 0.4550782178794437 1.7044572059134617 0.11497424655604785 
1737148664.7715921 2.6957384804725644 4.4420188621521 0.5005618760867006 1.6994121546656915 0.06034173867441785 2.6865411122756386 4.442532796347986 0.4465739698837302 1.6983549830311124 0.10860034855331102 0.4497655570108552 1.7055925347585366 0.11478072864615607 
1737148664.7915423 2.6950080851554867 4.4494419054031376 0.5005618760867006 1.7018888844997928 0.06034173867441785 2.685342259256467 4.451457269424138 0.4451148295635357 1.6999646412457243 0.10990597852195626 0.4512777042981609 1.7074166933197947 0.11543378734195818 
1737148664.81153 2.693806932353973 4.460527534866333 0.47764783112349335 1.7046764295528276 0.09220132875979206 2.683996479950482 4.459989313845121 0.44405292305127464 1.7023040298324192 0.10970860988109044 0.4454833547746913 1.7105076461597126 0.11553982648797545 
1737148664.831647 2.6929145912170407 4.467995043182373 0.47764783112349335 1.7059628595074943 0.09220132875979206 2.682642016126044 4.468576416845835 0.44298416389485384 1.7046585148493094 0.10950996759038018 0.4466838005962139 1.7131190093091961 0.11666611739208205 
1737148664.85158 2.6918297866821286 4.475458975219727 0.47264240724493484 1.705785115000298 0.08502992854735739 2.6812999289443558 4.477085053737541 0.4419251707063576 1.7069914853603207 0.10931314042726709 0.44770250943840634 1.7156333798985792 0.11916140532554825 
1737148664.871534 2.690339849376678 4.486593957328797 0.47264240724493484 1.7070941918994342 0.08502992854735739 2.6799564130710922 4.48560274832536 0.44086505018823063 1.709326939387575 0.1091161037358062 0.44172406517786855 1.718145925054567 0.12016783689093895 
1737148664.8915734 2.6893312791824338 4.4938659624099735 0.47264240724493484 1.7084292005804969 0.08502992854735739 2.678607166378812 4.494156775469488 0.4398004076849557 1.7116723553844773 0.10891822657670304 0.44320843937412024 1.7206235262038108 0.12111255220001695 
1737148664.9115934 2.687916264915466 4.505007620239258 0.47264240724493484 1.709768098668299 0.08502992854735739 2.6772592199563925 4.502702559092437 0.438736791178311 1.7140155111025517 0.1087205401119389 0.4372920816168556 1.7232204648593892 0.12217290630302903 
1737148664.9315586 2.6871109465599057 4.51244806804657 0.47264240724493484 1.711110710819919 0.08502992854735739 2.6759149656582695 4.51122493518611 0.437676087995431 1.7163522487449425 0.10852339512492745 0.43846209628523547 1.7258771274968214 0.12328981180182982 
1737148664.9515312 2.686204121494293 4.519656176948548 0.4658435245562043 1.7133195483693293 0.180603964064563 2.674570213726002 4.519750466207642 0.4366149921471741 1.718689851432317 0.10832617715613196 0.4400493336402375 1.7285580930545323 0.12356472184133499 
1737148664.971551 2.6849885443687436 4.530518288993836 0.4658435245562043 1.7151037946162953 0.180603964064563 2.673222283356297 4.528296148058725 0.43555138830715445 1.7210329792457146 0.1081284930456189 0.4347229482056598 1.7313075826093614 0.124332281038685 
1737148664.9915233 2.6838734606742856 4.537838931465149 0.4658435245562043 1.7163481039634063 0.180603964064563 2.6718775474767438 4.536821577308391 0.43449030512552256 1.723370554028412 0.10793127743107452 0.43604378030673346 1.733683675980719 0.12526684944838723 
1737148665.0114896 2.6823053816795346 4.5487378791809085 0.4658435245562043 1.7188447352927014 0.180603964064563 2.6705332129150494 4.545344462261396 0.4334295386095173 1.7257074311941873 0.10773412067280758 0.43051039609952657 1.736143842607798 0.12503322798790412 
1737148665.0315886 2.6812784532546994 4.556094522857666 0.4658435245562043 1.7204393110207015 0.180603964064563 2.669179953044186 4.553923932372129 0.4323617294499763 1.728059823360311 0.10753565495092973 0.43188867172381606 1.7386116005152261 0.12570794444545438 
1737148665.0515554 2.6801776150703427 4.563418622398377 0.4681577419489441 1.7227736069507142 0.1532756097892908 2.6678355863770626 4.562447020868867 0.4313009376007209 1.73039675633544 0.10733849348416061 0.43320503925738313 1.7409394639880043 0.12550435052145062 
1737148665.0716367 2.678651616954803 4.574299450302124 0.4681577419489441 1.7249498996212733 0.1532756097892908 2.66648351440706 4.571018959861485 0.4302340657714347 1.7327470835554744 0.10714020197686408 0.42781062567204153 1.74345916291882 0.12564946527441084 
1737148665.0915217 2.677586183929443 4.581503029251099 0.4681577419489441 1.7262760361137999 0.1532756097892908 2.6651446538209527 4.579507140608042 0.4291776185745763 1.7350744452264317 0.10694384801822183 0.4293023926837695 1.7458400020489675 0.12650781395338945 
1737148665.111484 2.676003740215301 4.592270727539063 0.4681577419489441 1.728184781102756 0.1532756097892908 2.6638005921554013 4.588028295439318 0.42811706739119715 1.7374108480127 0.10674673128222358 0.42401351783212415 1.74829370933494 0.12685565951440758 
1737148665.1315203 2.674818144226074 4.599390621566773 0.4681577419489441 1.7302760855057384 0.1532756097892908 2.6624515541484075 4.596580999549183 0.42705258955404807 1.7397559012488026 0.10654888472838471 0.4257414829219095 1.750574866667545 0.1268476658901912 
1737148665.1515615 2.6737170080184933 4.606298084640503 0.45555452019325665 1.7319174376676962 0.1213890530144102 2.6611021790344127 4.605135840868243 0.42598784571777265 1.74210154048312 0.10635098873527277 0.4278976269458698 1.7531893862604349 0.1276229373280114 
1737148665.171787 2.672157214069366 4.616479273223877 0.45555452019325665 1.7350147697805642 0.1213890530144102 2.6597403951722396 4.613769351840043 0.42491331058032256 1.7444687500326699 0.10615127290606148 0.42391866565366526 1.7556180460305377 0.12675454915603496 
1737148665.1915252 2.671025739097595 4.62331449546814 0.45555452019325665 1.7384374632426147 0.1213890530144102 2.65841142305816 4.6221948411168885 0.4238646660245038 1.7467789224226657 0.10595636916609608 0.42596617948589394 1.7578555294587939 0.12537443538227522 
1737148665.2115178 2.6693281988143918 4.633485908889771 0.45555452019325665 1.741465920169982 0.1213890530144102 2.6570653226978886 4.6307289209752 0.4228025061797414 1.7491188691028985 0.10575895344020828 0.42178015936123464 1.7601445016669737 0.12443753493719992 
1737148665.2316308 2.66834150352478 4.640371437454224 0.45555452019325665 1.743464231730014 0.1213890530144102 2.6557111157168802 4.63931439562605 0.42173394968932165 1.7514729076449584 0.10556034881751561 0.4240704646949743 1.762548836924619 0.12464495401212058 
1737148665.2515826 2.6671638945579526 4.647231693649292 0.4430567239785649 1.746065487427707 0.10759703349313657 2.65436776037076 4.6478310724952046 0.4206739558374453 1.7538080826254436 0.1053633356685657 0.4262182963579842 1.7650687896781418 0.12436663791900049 
1737148665.271493 2.6656064251899716 4.657540913009644 0.4430567239785649 1.7474703583624849 0.10759703349313657 2.653027198196933 4.656330041059602 0.4196161659783301 1.756138402192151 0.105166732159307 0.42175928738281415 1.7675016307355618 0.1251980045323839 
1737148665.291599 2.664419041061401 4.664348240280152 0.4430567239785649 1.7495164270163328 0.10759703349313657 2.6515004802788145 4.664621025491588 0.41851814637240187 1.7584510842624153 0.10489894240620722 0.4236061866245412 1.7698630136328928 0.1252455290227672 
1737148665.31149 2.662514970684051 4.674631948852539 0.4430567239785649 1.7532757679747555 0.10759703349313657 2.649792094843865 4.67248962056132 0.4173977257569045 1.7606926176815079 0.10455474612964523 0.41796336893019503 1.772337143504751 0.12361612165964077 
1737148665.331547 2.6614030460357663 4.681539888763428 0.4430567239785649 1.7543123947402761 0.10759703349313657 2.6480694573351435 4.680423858778741 0.41626795811880846 1.7629528509203238 0.10420767842218406 0.4190245815816133 1.7749609525687207 0.12485623625062861 
1737148665.35153 2.660165176773071 4.688445206069947 0.44505866497007357 1.7581978882583265 0.09221135163143604 2.6463531677328436 4.688328859387276 0.4151423536660653 1.765204755216447 0.10386188965664639 0.41999508870116725 1.7774041566562924 0.1230681580546123 
1737148665.3715103 2.6586489538192746 4.69887601890564 0.44505866497007357 1.761279618925755 0.09221135163143604 2.6572493562052255 4.698413991648252 0.4379880708333725 1.7579425816078829 0.1132640478091327 0.4376203151168106 1.759255776119644 0.11124020500302169 
1737148665.3916414 2.6574520925521847 4.70588171043396 0.44505866497007357 1.7642061598494685 0.09221135163143604 2.6555080422842514 4.70686686070354 0.43684435878519257 1.760056454550404 0.11665880850714451 0.4393776026968433 1.761605910298957 0.11405855895663299 
1737148665.4123144 2.655523882293701 4.716202612304688 0.44505866497007357 1.7682131206593064 0.09221135163143604 2.653719852545588 4.715547279279917 0.4356698582405714 1.7622272325239352 0.12014495547483489 0.43509963970994797 1.763931061725045 0.11586289654057352 
1737148665.4316213 2.6540468791961667 4.722957725906372 0.44505866497007357 1.7700635457153835 0.09221135163143604 2.6520498319381867 4.723654068839207 0.4345729723394207 1.7642545587474943 0.12340072702446181 0.43660079419048853 1.7658956157972847 0.11923279710636303 
1737148665.4515557 2.6526584486007687 4.7296365455627445 0.4462912247613006 1.7720513494918002 0.1546331390012078 2.650325531897368 4.732024347329207 0.433440435174463 1.7663477776422447 0.12676231848688857 0.438751979437084 1.7679830178956166 0.12269398689070499 
1737148665.4715903 2.6506175855636593 4.739779348754883 0.4462912247613006 1.7737084017306852 0.1546331390012078 2.648592570244834 4.740436671925172 0.4323022089780467 1.768451511324951 0.13014079610561316 0.43428232097091335 1.7701154535051518 0.1265478478800797 
1737148665.4917166 2.649230347061157 4.7466605857849125 0.4462912247613006 1.7750931258433318 0.1546331390012078 2.6468516687815606 4.748887538784938 0.4311587678361267 1.770564883563284 0.13353475270094411 0.4362026373803497 1.7722583504027687 0.13069997726038102 
1737148665.5116313 2.647168682003021 4.757072325134278 0.4462912247613006 1.77825976579229 0.1546331390012078 2.6451290804401997 4.757249508163522 0.4300273549321477 1.7726560245356526 0.13689300713724536 0.4311341035354291 1.7744151113934168 0.1330483527383721 
1737148665.5317032 2.645872638607025 4.764054174804688 0.4462912247613006 1.7809244434996527 0.1546331390012078 2.643392880994715 4.765677549994336 0.4288870021215909 1.774763688746238 0.14027779696201462 0.4328617525061905 1.7766454438601007 0.1359987973224626 
1737148665.5518358 2.6444816450119015 4.771138544464112 0.4535562768556428 1.7832571988343373 0.08840971973244136 2.6416514433364306 4.774131019708281 0.42774320880153305 1.7768777119000156 0.14367279889083068 0.4344088194712958 1.7787808717146294 0.13919647177112277 
1737148665.5718398 2.642468974971771 4.781689043426514 0.4535562768556428 1.7863082173364484 0.08840971973244136 2.639921121413181 4.782530530252904 0.42660671640518033 1.7789782410759163 0.14704613025239785 0.42917147966416386 1.7810233395641526 0.14176125248010205 
1737148665.5919237 2.6408685902595517 4.788661833190918 0.4535562768556428 1.7903369461044325 0.08840971973244136 2.638183890823444 4.790963577572524 0.42546568632897375 1.7810871570469726 0.15043293033386926 0.4308072191059185 1.7829789421484337 0.14307492637787042 
1737148665.6115372 2.6386607150077817 4.799231644058228 0.4535562768556428 1.7934377535762256 0.08840971973244136 2.6364873491858853 4.799199108303885 0.4243513811553094 1.7831466785498447 0.1537404056858748 0.42516121207934854 1.7850264037468186 0.14532905585646785 
1737148665.6318045 2.637091205501556 4.806366558456421 0.4535562768556428 1.7964335316923206 0.08840971973244136 2.634734259597555 4.80770914004133 0.42319993473340844 1.7852748465969444 0.15715812351542488 0.4266453078711612 1.7870538434875907 0.14777843531069498 
1737148665.6517892 2.6355251530647275 4.813439722442627 0.4574928241291534 1.7986017824878036 0.12109582641981437 2.6330056081279936 4.816100541694088 0.4220645395074084 1.7873733479208822 0.1605281982611346 0.4280303130957882 1.7890248760290446 0.15095129180237563 
1737148665.671578 2.6331671337127682 4.824157591247559 0.4574928241291534 1.801765188011566 0.12109582641981437 2.6312939086699325 4.824409653110888 0.42094027852869165 1.7894512703026775 0.1638652243866614 0.42217973363844646 1.791002285550476 0.15310232192557138 
1737148665.691536 2.631449506664276 4.831164236450196 0.4574928241291534 1.8038521825264495 0.12109582641981437 2.629567566963495 4.832789842468723 0.41980640037774725 1.7915469676831604 0.16723079615735836 0.423602752817884 1.7928412606847666 0.1562198743156754 
1737148665.7115624 2.6298245052337643 4.8381618217468265 0.4574928241291534 1.8060860500324076 0.12109582641981437 2.627835306489052 4.841198763332301 0.4186686347219728 1.7936498501687466 0.1706079068015255 0.4251309470381133 1.7947592024927979 0.15928105926191571 
1737148665.731538 2.6272951821327206 4.848509188079834 0.4574928241291534 1.8096907086142169 0.12109582641981437 2.626107438689122 4.849586360813568 0.4175337542178667 1.7957474001547264 0.1739764537521416 0.42003195408953004 1.7965496381898962 0.16083538332782094 
1737148665.7515492 2.6256180266380307 4.855196590805054 0.44541659311260556 1.813180463543407 0.09415332125224643 2.6243764980793216 4.8579888746514746 0.41639685546212407 1.7978486803869098 0.17735099126773005 0.4220963635610637 1.7983705310436542 0.16254105876797723 
1737148665.7715478 2.6231840709686276 4.865227814102173 0.44541659311260556 1.8171013874173767 0.09415332125224643 2.622646650482428 4.866386082671248 0.4152606746079702 1.799948633752994 0.18072339791121422 0.4176354521252086 1.800182364451875 0.1638043749457126 
1737148665.7917433 2.621731326961517 4.871899481201172 0.44541659311260556 1.820141831571545 0.09415332125224643 2.6206721072053263 4.8745688319374505 0.41426383522028304 1.8028964918299788 0.18248459839199538 0.419661724820112 1.8032708004454059 0.1656135672658563 
1737148665.8115287 2.619239018344879 4.882005567932129 0.44541659311260556 1.8251123274677512 0.09415332125224643 2.6184854325702815 4.88225621472731 0.4134540090426471 1.80670097421287 0.18238819101610268 0.41425155994485036 1.8073063688269313 0.16458223237528277 
1737148665.8316948 2.617533491039276 4.888633842849732 0.44541659311260556 1.8272533609885835 0.09415332125224643 2.6162566771096496 4.890091535124903 0.4126285984000932 1.8105786708531717 0.1822899283564356 0.4158946610040125 1.811381599720661 0.16641816708851315 
1737148665.851578 2.6159153441429135 4.895347233200074 0.4521163864413788 1.8302522344380134 0.18516870738776053 2.6137675413841697 4.8974578336779935 0.4426623560346427 1.831514822946037 0.1320717282453539 0.4475889044183552 1.832869480485903 0.1346889742932434 
1737148665.8715405 2.6134556392669674 4.905350323104859 0.4521163864413788 1.8347701036073316 0.18516870738776053 2.611265755209261 4.905774057180685 0.44186854496506706 1.835107323596103 0.12065733279878138 0.44373266065127126 1.8368795532510613 0.1227667824425111 
1737148665.8915644 2.611729548358917 4.9118970588684085 0.4521163864413788 1.8367235669027189 0.18516870738776053 2.608756289985911 4.9141158067190425 0.4410722973508667 1.8387108511623758 0.1092079017059003 0.4466329743849343 1.8407278852985267 0.11321222010170814 
1737148665.9115326 2.609133885288238 4.921729917907715 0.4521163864413788 1.842026635363396 0.18516870738776053 2.60625378670142 4.922434413976037 0.44027825874404986 1.8423043815633717 0.09779023444799936 0.4430353231861273 1.844591981958606 0.10035558104320938 
1737148665.9317021 2.6073229173660275 4.92837607421875 0.4521163864413788 1.8449792833098146 0.18516870738776053 2.603726065063293 4.930836849926033 0.4394762184109169 1.8459341248720658 0.08625750849171546 0.4458324976996692 1.8484051864098119 0.0896834115917127 
1737148665.9517472 2.605516717815399 4.935237284088135 0.4331083348466303 1.8479385805745796 0.11909705077452339 2.601213940558576 4.939187439219931 0.43867912701278033 1.8495414710980365 0.0747959444318248 0.4481441391188812 1.8523581384920553 0.07921550234930053 
1737148665.971623 2.60291318693161 4.9453464702606205 0.4331083348466303 1.850511913983525 0.11909705077452339 2.5987230305456617 4.947467509115689 0.43788876692469647 1.8531183538590006 0.06343117145706674 0.44397708789996626 1.8562892635939523 0.06920852106749394 
1737148665.9916565 2.6011700490951535 4.952038879776001 0.4331083348466303 1.8526709783620445 0.11909705077452339 2.596212340260109 4.95581333090098 0.4370921306010424 1.8567236405831116 0.05197615101983294 0.4466291373381089 1.8601332638218158 0.05943843647960417 
1737148666.0114946 2.598280296707153 4.962214823150635 0.4331083348466303 1.8563157332498912 0.11909705077452339 2.5937261512186103 4.964077707747575 0.43630326846646317 1.8602937441504546 0.04063291746965367 0.4421655578236593 1.8638335709163307 0.04815075513609321 
1737148666.0314941 2.5962713221549985 4.96885311164856 0.4331083348466303 1.8590170132861006 0.11909705077452339 2.591219733710984 4.972409326330142 0.435507987885538 1.8638928952752756 0.029197391574918408 0.444749575126516 1.8674104326571126 0.03759081094593042 
1737148666.0514834 2.594228670978546 4.9757844165802005 0.443069146433098 1.8598776713640255 0.14644586438595986 2.588714601024692 4.980736674019583 0.43471311497550336 1.8674902014296806 0.017767727675479905 0.44677392578283365 1.870943651524083 0.028833707835537348 
1737148666.0716474 2.591107890987396 4.986108179473877 0.443069146433098 1.862574889093828 0.14644586438595986 2.5861875666165814 4.989136825538371 0.4339112926988932 1.8711189578937337 0.006238137205052424 0.44217344308744155 1.874553294550871 0.018216542662095297 
1737148666.0915697 2.589134023571014 4.993112440490723 0.443069146433098 1.8650370179352653 0.14644586438595986 2.583690830088313 4.9974362634378435 0.43311908387072445 1.8747042073810023 -0.005153219236749107 0.44405224368274404 1.8782249489235912 0.008034711751576717 
1737148666.1114852 2.5861232737541195 5.003692264938355 0.443069146433098 1.8658351224584606 0.14644586438595986 2.5811949301878903 5.005732920290629 0.43232714050267046 1.8782882554921863 -0.01654075856533413 0.43885616928309457 1.881971221118377 -0.00040465990541774244 
1737148666.1315112 2.5839317897796628 5.010756607437134 0.443069146433098 1.8678379386007296 0.14644586438595986 2.578685196048447 5.014075563736849 0.4315308075620046 1.8818921692150576 -0.027991416587463375 0.44058462028608814 1.8854841990180502 -0.010345156170142727 
1737148666.1515284 2.5818521837234494 5.01778471031189 0.443069146433098 1.8694851892501556 0.14644586438595986 2.5761765674529427 5.0224145322285185 0.4307348254079191 1.8854944954052457 -0.03943703056712794 0.44243584604245795 1.889072991130764 -0.01984922868651956 
1737148666.1715002 2.5788977602958676 5.02839695968628 0.45999487694480706 1.8725217890025527 0.07407895797384079 2.573673615974963 5.0307346293319535 0.42994064459032644 1.8890886694005726 -0.05085674270710916 0.4372643709721935 1.8927671107422588 -0.030611420967403102 
1737148666.1915536 2.576921925926208 5.035336847686768 0.45999487694480706 1.872470975289545 0.07407895797384079 2.5711604456854387 5.039088694934211 0.42914322136704647 1.8926975173466494 -0.06232307815852042 0.4393667386112011 1.89641803826163 -0.03837601518643538 
1737148666.211482 2.5737776617050168 5.0457917407989505 0.45999487694480706 1.8748166920461051 0.07407895797384079 2.5686629322884564 5.047390715234179 0.4283507660401997 1.8962838823974253 -0.07371797906259442 0.434335453047748 1.900053362962422 -0.048481308146277435 
1737148666.2315345 2.571783349895477 5.052595253372193 0.45999487694480706 1.8766925730109474 0.07407895797384079 2.566149881517196 5.055744383544051 0.4275533807397933 1.899892558718347 -0.08518376921211762 0.4366724466424514 1.9036433537890944 -0.05823298843397057 
1737148666.251535 2.569618747615814 5.0595339492797855 0.45999487694480706 1.877618998800012 0.07407895797384079 2.563643344491306 5.064076399419003 0.4267580622359946 1.903491881468323 -0.09661984040874094 0.43861937346195445 1.90711296405233 -0.06712587515642288 
1737148666.2717018 2.5663137296676632 5.069807405853272 0.45999487694480706 1.88006066532245 0.07407895797384079 2.561115951528404 5.072477742814943 0.42595612619076384 1.907121152807841 -0.10815106678483266 0.4340017685541157 1.9106214403088302 -0.07759029179845256 
1737148666.291682 2.5641511539459225 5.076639528656006 0.45999487694480706 1.8823422897775097 0.07407895797384079 2.5586045697093764 5.08059965436504 0.4251378426697141 1.907895466988816 -0.10823256262185807 0.43572076857234965 1.9113081846191708 -0.07926666778019695 
1737148666.3115127 2.5610762695312497 5.086435671234131 0.45748351227415485 1.8832832775315105 0.0019199412803055644 2.5561037251629437 5.088435435896195 0.42429911673237386 1.9055110309178385 -0.09563731643630086 0.4309897676100078 1.9090430921559003 -0.06987750181191105 
1737148666.3315148 2.5589318732261654 5.092975492858887 0.45748351227415485 1.8840716323183417 0.0019199412803055644 2.5535812625147885 5.0963389524340945 0.4234531405792388 1.9031059830173065 -0.08293319290622822 0.43280887730860096 1.906568943610921 -0.06043588161364896 
1737148666.3515894 2.5567582706451413 5.099880810165406 0.4542219838462018 1.8852774741873646 -0.03819359354431097 2.55104965952877 5.104271107973455 0.4226040989662962 1.9006922202403007 -0.07018303500517825 0.43400811924012733 1.9041958385230056 -0.05126467066953727 
1737148666.3715374 2.5536422590255734 5.109909649276734 0.4542219838462018 1.8841001733839768 -0.03819359354431097 2.5485340220671113 5.1121532394675 0.42176041182426743 1.8982936798297672 -0.057513285824486705 0.4289180039448597 1.9019174695359014 -0.039695989672562194 
1737148666.3914993 2.5515924552917477 5.116770620727539 0.4542219838462018 1.8859390055156813 -0.03819359354431097 2.5460166407252025 5.120040834981561 0.4209161398247753 1.895893476712538 -0.04483475377038501 0.4301873752354314 1.899626649462993 -0.03114710982307331 
1737148666.4116294 2.54846708574295 5.126950617218018 0.4542219838462018 1.885759528490866 -0.03819359354431097 2.5434780321512824 5.127994940808224 0.4200647486982303 1.8934730344413928 -0.03204931294684256 0.42495232702353986 1.8973481309370634 -0.020460710500645032 
1737148666.4315066 2.5463660220146176 5.133741255187989 0.4542219838462018 1.8869745675035863 -0.03819359354431097 2.5409713245591807 5.135849092751501 0.41922405642976346 1.8910830082358352 -0.019424538135165037 0.4262522933960051 1.8950076967596363 -0.011391408879114995 
1737148666.4515047 2.5441169599533078 5.140421743774414 0.4542219838462018 1.8871184968773085 -0.03819359354431097 2.53844937304834 5.1437510077662925 0.41837825170036763 1.888678447680369 -0.006722988895574683 0.427752653366121 1.8925030420152065 -0.0013384437576766939 
1737148666.4715178 2.5409843186378476 5.150652523422242 0.4534841024586152 1.888224768673072 0.030746313424812065 2.5359255273227452 5.151658857837307 0.4175318116947617 1.8862720810814233 0.005988100361685317 0.4223316883682408 1.8902385941395279 0.008001925828141215 
1737148666.4915667 2.5389956096649167 5.157391901397705 0.4534841024586152 1.889104922997217 0.030746313424812065 2.53339717156202 5.159580838994569 0.4166838591267507 1.8838614143789543 0.018721903946730165 0.42391654260899303 1.8879648914407574 0.017581872390270578 
1737148666.5115263 2.5359098772048947 5.167600508117676 0.4534841024586152 1.8889861779059771 0.030746313424812065 2.530880060822219 5.167467586643456 0.41583967788100296 1.8814614692679366 0.03139907314116479 0.4185205325319908 1.8857215040824788 0.028134399317666522 
1737148666.5315142 2.5337959388732907 5.1744984344482425 0.4534841024586152 1.8887720932856897 0.030746313424812065 2.5283594021881157 5.175365450746856 0.41499430675282994 1.8790581414088137 0.044094110940123485 0.41969773985534187 1.8833953917868196 0.038717409441253334 
1737148666.5515664 2.5315743545532223 5.181055422210694 0.4534841024586152 1.8893463303263605 0.030746313424812065 2.5258306254907787 5.183288750805501 0.41414621301232785 1.8766470733633493 0.05683003452909492 0.421477997827099 1.8808850829612085 0.04836878716394295 
1737148666.5714974 2.528575466060638 5.1909731582641605 0.4534841024586152 1.8889546128526205 0.030746313424812065 2.5233171227790816 5.19116419358539 0.41330324181650413 1.87425056833515 0.06948903226130164 0.41663471525756574 1.8786264421373442 0.05916086154602539 
1737148666.5915458 2.5266325334548947 5.197420950317383 0.4534841024586152 1.889981211679929 0.030746313424812065 2.5207888271521584 5.199085986328169 0.41245530941599184 1.8718399589673946 0.0822225329886427 0.4187678069722651 1.8763271326321076 0.06856845394082124 
1737148666.6114569 2.5235754708290097 5.207079525375367 0.4444239713331829 1.8907000733137234 0.03072905637763319 2.5182778500601337 5.206953515699759 0.411613185255115 1.8694458619971683 0.0948688106972899 0.41434531147340975 1.874036217461745 0.07820495484531163 
1737148666.6315112 2.521393523597717 5.213605280303955 0.4444239713331829 1.8912274045323167 0.03072905637763319 2.515748802760689 5.214877663623579 0.4107650007608685 1.8670345359454925 0.10760609714592843 0.41620651187255786 1.8715593780883786 0.08793807070199026 
1737148666.651743 2.519339845561981 5.219900007629395 0.4411522033544757 1.8907373914812224 0.0 2.5131973856869996 5.222871901735183 0.4099093139570932 1.8646018813803413 0.12045604666037989 0.418690738565503 1.869152294592819 0.0988709497719764 
1737148666.6715193 2.5162059525489804 5.2296317771911625 0.4411522033544757 1.891709769909354 0.0 2.5107033963939647 5.230686204015243 0.40907288711460854 1.8622239814667192 0.1330167670677041 0.413993572905499 1.8667281389652186 0.1080351361235688 
1737148666.6915405 2.5141111473083493 5.236224050903321 0.4411522033544757 1.8921879545089524 0.0 2.5081785283937403 5.238597257132475 0.40822610426152417 1.8598166401776415 0.14573300490592866 0.4157568906943363 1.8643594035447344 0.11790445394171067 
1737148666.7118444 2.5110046128273007 5.246214266204834 0.4411522033544757 1.8937244835801874 0.0 2.5056180010490885 5.246620040038298 0.4073673620816906 1.8573752994033736 0.1586288373625055 0.4109975180969738 1.8619562041822686 0.12686055796458667 
1737148666.73167 2.5088758329391476 5.252640600585938 0.4411522033544757 1.89377015878836 0.0 2.503117817974475 5.254453749010137 0.4065288579868364 1.8549914940142462 0.17122075211332094 0.41289833729657965 1.8595419716327248 0.1369925649576858 
1737148666.7516704 2.5068149427413937 5.259025926971436 0.4411522033544757 1.8949397167004223 0.0 2.500595565794626 5.262356606097345 0.4056829524199469 1.852586646785212 0.1839238156414303 0.41503922230621576 1.8571636274959877 0.14614772643699575 
1737148666.7715256 2.503782258415222 5.268751736068726 0.42951454920311216 1.8966120325272195 0.030774186326414883 2.498091624357404 5.27020209097439 0.40484318785642187 1.8501992579764819 0.19653465899873312 0.4104677434679387 1.8549208057608824 0.15484343223239594 
1737148666.791753 2.501827822113037 5.275157328033448 0.42951454920311216 1.898261525420361 0.030774186326414883 2.495527968802692 5.27797122581161 0.40397066084013705 1.8509464541938472 0.2032677083169979 0.4124088042479199 1.855860058973116 0.16086624186975293 
1737148666.8115256 2.498814747714996 5.2847841934204105 0.42951454920311216 1.9003164751304764 0.030774186326414883 2.493007775662877 5.285317529488903 0.40309885274170415 1.8552076964222795 0.20305916250306416 0.40716319035126114 1.8602589732559274 0.16300166062851512 
1737148666.831542 2.4966056207656857 5.290972586059571 0.42951454920311216 1.9002441643993557 0.030774186326414883 2.4904564949141528 5.292754452814363 0.40221629053527075 1.8595215028092957 0.20284804419157032 0.4087828548635165 1.8645385176395215 0.1671423974317361 
1737148666.851532 2.494429991626739 5.297348852539063 0.42300339567678213 1.9025585527694195 0.061948442646821394 2.49210158318711 5.29914022724207 0.4267231966320271 1.9111763277038634 0.18362775385493177 0.43140828580750556 1.912686272486639 0.19375547357215114 
1737148666.8715398 2.4912387589454648 5.3070102886199955 0.42300339567678213 1.9042713962844031 0.061948442646821394 2.4890203983123107 5.306934798435243 0.42591928293965725 1.9153116617702817 0.17987497360352261 0.4272077387618478 1.9173102286003005 0.19291380591942003 
1737148666.8915331 2.488966868305206 5.313361759567261 0.42300339567678213 1.9066432317627395 0.061948442646821394 2.4859414531243207 5.314723703821594 0.4251159536052425 1.9194439898979014 0.17612492121583123 0.4295113719130702 1.9216927771930172 0.19117446664610893 
1737148666.9114845 2.485707567119598 5.322774048233033 0.42300339567678213 1.9094139473819456 0.061948442646821394 2.4828689699835187 5.322496261962029 0.42431431028722283 1.9235676451529213 0.17238273938575197 0.42568227745605336 1.9261773280613081 0.18914612006511453 
1737148666.931532 2.4835335473060605 5.329110498809815 0.42300339567678213 1.9127122627531128 0.061948442646821394 2.4797816902233034 5.3303062515803274 0.423508806374844 1.927711159315087 0.16862253576750413 0.4281276402450888 1.9306403319100915 0.1865506049244829 
1737148666.9514933 2.4813169697761532 5.335468883895874 0.42029382937075943 1.9148830444530496 0.1517087515842325 2.4767076650030586 5.3380827107680835 0.4227067607120028 1.9318368842328866 0.16487847573617653 0.4304453744732031 1.9350620576097253 0.18505748889285223 
1737148666.971533 2.4779986599922177 5.344991083526612 0.42029382937075943 1.9184581718892793 0.1517087515842325 2.4736215601605136 5.345889728159852 0.4219015633480594 1.9359788215091251 0.1611197031284036 0.4264656803646952 1.9395644348047758 0.18222596604390015 
1737148666.991582 2.4756048778533932 5.351580496215821 0.42029382937075943 1.9204215204581103 0.1517087515842325 2.470534060103235 5.353700275070626 0.42109600195784896 1.9401226313374023 0.15735923119569173 0.4283285522889318 1.9438949107461971 0.18083262148377854 
1737148667.0114982 2.4721456626892087 5.361494417572022 0.42029382937075943 1.923570949546559 0.1517087515842325 2.4674669742404824 5.361459179545438 0.42029576684670467 1.944239042772694 0.15362362306998162 0.42347584699745244 1.9483971329646157 0.17844980648803838 
1737148667.0315294 2.470106707000732 5.368290300750733 0.42029382937075943 1.926320693667162 0.1517087515842325 2.464382191180317 5.36926285318236 0.4194909143497512 1.9483792060522647 0.14986646034899298 0.4252171250495017 1.953102263603734 0.17664803028556508 
1737148667.0516043 2.4675059775352475 5.374667520904541 0.44154553201429986 1.9271928241488274 0.18447018628493855 2.461290689059723 5.377083524239751 0.4186843087789324 1.9525283871482313 0.1461011140368509 0.427340728273434 1.9569382204234362 0.1758465103114597 
1737148667.0716727 2.4637348512649533 5.384938831710816 0.44154553201429986 1.930319081946515 0.18447018628493855 2.4582001782759137 5.384901687481008 0.4178779618583561 1.9566762377466969 0.142336975139797 0.4217691337986085 1.9613340932742669 0.17335198646754887 
1737148667.0916238 2.4613839248657223 5.391906853103638 0.44154553201429986 1.9334538360764766 0.18447018628493855 2.455127731851289 5.392674152739364 0.41707632811997497 1.9607998437240317 0.13859483802879508 0.422941778582758 1.9657774820665839 0.17091848401890236 
1737148667.1114898 2.4577249745368954 5.402283544921875 0.44154553201429986 1.938286521596469 0.18447018628493855 2.452068393101926 5.400413459095493 0.4162781143125771 1.964905857567741 0.134868665628404 0.41712393383751256 1.9702878358072151 0.16686997983915003 
1737148667.1316948 2.4553087214469906 5.408884163284302 0.44154553201429986 1.9390213889908954 0.18447018628493855 2.4489568439485785 5.408284843768055 0.41546627825907817 1.9690819442798406 0.13107890270003353 0.4190957181174254 1.9745962804159476 0.16665379412508574 
1737148667.1516461 2.452844128990173 5.415572519683838 0.449398021137235 1.942685305745209 0.18247540284610073 2.4458843608077765 5.41605740190849 0.4146646349410585 1.9732055995348605 0.12733672086995426 0.4206883390221767 1.9787364310114905 0.1633878461362359 
1737148667.1716442 2.4489748934745785 5.42499792137146 0.449398021137235 1.9480156719382937 0.18247540284610073 2.4428046812962427 5.423848164936421 0.4138611140138716 1.9773389132161847 0.12358577410071608 0.41648935707463447 1.9827878863408823 0.15835798850330468 
1737148667.191641 2.4466670016288754 5.4313672737121585 0.449398021137235 1.948799799595671 0.18247540284610073 2.4397251853655946 5.431638463553958 0.4130576409848777 1.9814719805090828 0.11983505092686461 0.41879260598779683 1.9870405690870794 0.15807582041827303 
1737148667.2114902 2.442773864650726 5.440230722808838 0.449398021137235 1.9545227060841441 0.18247540284610073 2.4366684534648133 5.439371175282473 0.412260107331821 1.985574495637141 0.11611205358096477 0.4154386765358912 1.990856262177857 0.15244560967467757 
1737148667.231637 2.4405289749145505 5.4468697265625 0.449398021137235 1.9553789857584671 0.18247540284610073 2.433565863058704 5.447219896727743 0.4114506087101425 1.9897385585940457 0.11233320210746559 0.4174367135952798 1.9952734556054932 0.15222767195449163 
1737148667.2517073 2.438100204849243 5.452881212615967 0.4328034199372991 1.9580769784455283 0.18427851038625548 2.430475058545477 5.455038803025633 0.41064418515245726 1.9938868034139932 0.10856870545779297 0.4203243254429772 1.9994938447265829 0.14998557173884752 
1737148667.271606 2.4344636062622067 5.462507839584351 0.4328034199372991 1.9635794891017855 0.18427851038625548 2.427410689679837 5.462790834226594 0.40984465893457 1.9979995683005785 0.10483640654380615 0.4158826534376613 2.0038236755599383 0.14508059300195902 
1737148667.2915957 2.4318213323593136 5.468583937072754 0.4328034199372991 1.965752854113136 0.18427851038625548 2.424165047471581 5.470193344571414 0.4086554705681671 2.001246848369868 0.10354645094633641 0.4174989769620286 2.007056615200571 0.14485021203377135 
1737148667.3116362 2.4290979663372037 5.475059385681153 0.4328034199372991 1.966277788412902 0.18427851038625548 2.420728114539172 5.477193293234651 0.40704079817291333 2.00353454099552 0.1049449514310419 0.4173832420763245 2.0097298420622676 0.14839700508040757 
1737148667.3315403 2.425108031415939 5.484398003005982 0.4328034199372991 1.9718389153205795 0.18427851038625548 2.4173145698912086 5.484145607337173 0.40543711360256307 2.005806665902248 0.10633393513791772 0.4112390815310178 2.01243681890161 0.14693183871894838 
1737148667.351515 2.4227855662345883 5.49109375038147 0.4395642645913149 1.9745202118857619 0.15372005277090334 2.413888922214931 5.4911225714920935 0.4038277430249201 2.008086846831356 0.10772784361094316 0.4110317463704106 2.0154096824293175 0.1486173141544988 
1737148667.3715372 2.418740616226196 5.500535841369629 0.4395642645913149 1.9761130785883136 0.15372005277090334 2.410455137705428 5.498116107810619 0.40221454975994186 2.0103724438025377 0.10912506299094081 0.40475191554194767 2.018132270694886 0.15114425509751328 
1737148667.3915796 2.4162948886394497 5.506972189331055 0.4395642645913149 1.9813607770526969 0.15372005277090334 2.4070178776641464 5.505116722691487 0.40059972368881536 2.012660354158524 0.11052369657743413 0.40494825701639503 2.021013391454038 0.1501763109787753 
1737148667.411511 2.4121828536033627 5.516371126556397 0.4395642645913149 1.9851434412101832 0.15372005277090334 2.403599671714738 5.5120785303952715 0.398993849237278 2.01493558172252 0.1119145769847865 0.3986366109504406 2.023666638331404 0.1504377741060075 
1737148667.4317942 2.409775600814819 5.522827263259888 0.4395642645913149 1.9868480502238535 0.15372005277090334 2.400121114178194 5.519163255252225 0.3973596215872136 2.01725098053325 0.11333001467199307 0.3989997920481356 2.0266147058305997 0.15309667027873924 
1737148667.4517796 2.4069785336494443 5.528826589965821 0.4334516490639039 1.9886415279111394 0.18455451259034408 2.3966936265145034 5.526143966881328 0.39574938658278624 2.01953238619549 0.11472467184257504 0.3996327254106346 2.0291575743413346 0.15524071827277028 
1737148667.4717946 2.4027685979843136 5.537933941268921 0.4334516490639039 1.9946018772240157 0.18455451259034408 2.393261068663276 5.533135004883731 0.3941367696023309 2.0218171666779168 0.11612139209086834 0.39380463890348283 2.0316436287522355 0.15316314361908812 
1737148667.4918058 2.4000199297904965 5.544121380233765 0.4334516490639039 1.9964545843868031 0.18455451259034408 2.3898291650297954 5.54012471045087 0.39252445997362106 2.024101511699674 0.11751784613558598 0.39417666124554557 2.034170892052934 0.15523415380171707 
1737148667.5117388 2.39722333946228 5.550177688980103 0.4334516490639039 2.0009101326936385 0.18455451259034408 2.3864106728601224 5.547087101095082 0.3909184510556951 2.026376929777713 0.11890884300700269 0.39468309117845496 2.0365919191646094 0.15459062947797356 
1737148667.5315676 2.393429563426971 5.559408541107178 0.4334516490639039 2.0057149717474787 0.18455451259034408 2.3830100490126567 5.554013099601127 0.3893208366823194 2.028640454336224 0.12029256919325931 0.3888760367880775 2.0394659220835933 0.15404351952937395 
1737148667.5515125 2.390525148296356 5.565542335891724 0.42080706065897544 2.0097017804794093 0.09036732057765232 2.3795895124125255 5.560979654105541 0.3877138672901886 2.030917233228854 0.12168439795084995 0.38917251493699306 2.0421565000971778 0.15413911756861842 
1737148667.5715692 2.3863196829795834 5.574469681167603 0.42080706065897544 2.014548290167922 0.09036732057765232 2.376149799054693 5.567985265618653 0.38609788865001626 2.0332067765623503 0.12308402980075198 0.38369182946882574 2.044607784917751 0.1531435245505807 
1737148667.591608 2.3834993103981015 5.580428715133667 0.42080706065897544 2.015082164225919 0.09036732057765232 2.372713152342549 5.574984631341461 0.38448335072115125 2.0354942786739594 0.12448241382139313 0.3844207973701027 2.046978507484637 0.15637875708011117 
1737148667.6115632 2.379145012283325 5.589393968963623 0.42080706065897544 2.0217189561203206 0.09036732057765232 2.369290857532223 5.581954766765649 0.3828755553212042 2.0377722278671375 0.12587495800109333 0.37868375983112346 2.0493191895577336 0.15347519143850635 
1737148667.6315665 2.37670029797554 5.595016355895996 0.42080706065897544 2.022638584361996 0.09036732057765232 2.3658603032228447 5.588941724185054 0.3812638796054696 2.040055674751265 0.1272708630009362 0.3802838949836599 2.051856577463472 0.15648885610241242 
1737148667.6514857 2.374248222494125 5.600590343856812 0.42080706065897544 2.0251527668857165 0.09036732057765232 2.3624441825925038 5.5958992847514315 0.3796589848376212 2.042329514284378 0.12866089488439114 0.3819061245078204 2.0543504305485007 0.15785855854717534 
1737148667.671533 2.3701641122341153 5.609082336807251 0.42080706065897544 2.028460305701284 0.09036732057765232 2.3590060638904293 5.602901648453585 0.3780437553673287 2.0446179961824926 0.13005987786307752 0.37726778373326236 2.0567359878098865 0.15833555997167983 
1737148667.6915326 2.367093131923675 5.614828462982178 0.42080706065897544 2.0330858097699 0.09036732057765232 2.3555761637987978 5.609887273437726 0.37643238700333964 2.0469010076059506 0.13145551665934474 0.3781171430421835 2.0587831196121025 0.15715282650154738 
1737148667.7115147 2.363092378759384 5.623472328567505 0.40952256030356277 2.0345753314629818 0.13701637834574357 2.352149248575636 5.616866819185971 0.37482242093168966 2.0491820322401053 0.132849940901798 0.3732525503900981 2.061640257085312 0.1599148665241281 
1737148667.7314832 2.3606391707897183 5.629188890838623 0.40952256030356277 2.0408525551579846 0.13701637834574357 2.3487246640031967 5.623841618133587 0.3732135498006332 2.051461505545626 0.134243416794013 0.3746717925776187 2.064194531993878 0.15758539362990634 
1737148667.7516289 2.3577481070995328 5.634666319274903 0.4093162359729102 2.0421934783235365 0.13694734719754614 2.345269699194144 5.630878292043807 0.3715904060228927 2.053761200555973 0.1356492545147725 0.37622666523664106 2.0662793148252288 0.15973509101646477 
1737148667.7715309 2.3535907129287716 5.642840738677979 0.4093162359729102 2.0455920284052636 0.13694734719754614 2.341856522543663 5.637829856651493 0.36998689433789933 2.056033080516074 0.137038088482137 0.37196390116612915 2.0684598133428422 0.15990587341971568 
1737148667.7917497 2.3511741320133206 5.6481054977417 0.4093162359729102 2.049219739247868 0.13694734719754614 2.3382876599410536 5.644576972840993 0.3690020805223059 2.0585979529728466 0.13710229810856817 0.37455500485940524 2.071337759662343 0.15922031852304303 
1737148667.8115358 2.3468075851440426 5.655802603149414 0.4093162359729102 2.0505622776536163 0.13694734719754614 2.3346878606930517 5.650845987366994 0.36872054341953886 2.0613798909778724 0.13573901806555863 0.3712627325925099 2.074108299582775 0.1592850399947172 
1737148667.831747 2.3438714901447293 5.661158438110352 0.4093162359729102 2.054019514627615 0.13694734719754614 2.3310107205678348 5.657249690260126 0.36843295755543926 2.0642215982952523 0.13434644825743944 0.37346569733061274 2.0770989892976863 0.15742592292751076 
1737148667.8518286 2.341075317049026 5.6663407043457035 0.3890418235175805 2.055359284152973 0.15868438535495272 2.327357177434881 5.663612299226326 0.3681472171911517 2.067045069770837 0.1329628148667177 0.37599810598219424 2.0807830497511723 0.1583865804649172 
1737148667.8717322 2.3372727195262906 5.674186821365357 0.3890418235175805 2.061418505849301 0.15868438535495272 2.323735993412641 5.6699185551236075 0.36786400760418 2.0698435340074894 0.13159143619544175 0.37305239368456683 2.0841633998408664 0.1543363301870073 
1737148667.8916922 2.334357664966583 5.6795357421875 0.3890418235175805 2.061945493404651 0.15868438535495272 2.320104572459934 5.676242638533309 0.36757999739596625 2.0726499093813913 0.13021618069603014 0.3751214841242452 2.0871252132613978 0.15539590055277686 
1737148667.9114861 2.3302374640941617 5.687659616851807 0.3890418235175805 2.067743498554516 0.15868438535495272 2.3165033417767398 5.682514145889436 0.3672983483419239 2.075432953604761 0.12885235855417113 0.3713570336822414 2.090350497590363 0.1514593575900182 
1737148667.931761 2.3274939517021176 5.693004484558106 0.3890418235175805 2.06914616995627 0.15868438535495272 2.312814620039511 5.6889380180444995 0.36700985669023267 2.0782836112341982 0.12745540267354252 0.3738114563070534 2.0935049681872346 0.15181420090450728 
1737148667.9516227 2.3244993845462796 5.6983865455627445 0.40193264577936827 2.0729784022273217 0.1850564853029649 2.3092010703382977 5.695230978847774 0.3667272441767295 2.081076175639682 0.12608691519613044 0.37569201040180095 2.0958941666436437 0.14900267961245248 
1737148667.9716275 2.3203546861648556 5.706673975372315 0.40193264577936827 2.0780447682475844 0.1850564853029649 2.305561494542676 5.701569263835165 0.3664425961854925 2.0838888531059685 0.12470857137600058 0.37178950481110445 2.099207685607128 0.14587148873554392 
1737148667.991638 2.317112074279785 5.712126846694947 0.40193264577936827 2.080861456916634 0.1850564853029649 2.301920877703278 5.707909361789921 0.36615786677514617 2.086702335094688 0.123329833302162 0.3734263939663108 2.1019222039314327 0.14439058031696078 
1737148668.0114996 2.3127358118534085 5.720295305633545 0.40193264577936827 2.083772721743607 0.1850564853029649 2.298307328002064 5.714202322593196 0.3658752542616431 2.089494899500171 0.12196134582474993 0.36941182270123923 2.1049701206578466 0.1431587447389897 
1737148668.0316477 2.309712396049499 5.725801582717896 0.40193264577936827 2.0871172798188917 0.1850564853029649 2.294641682735211 5.720586007305009 0.36558856740020923 2.0923277235490296 0.12057312923466443 0.37126218582824766 2.107916749635264 0.1413725990510367 
1737148668.0515528 2.3070211867332455 5.731361742401123 0.38997655103859685 2.0899763850355506 0.16717460123827974 2.2910202384520266 5.726892716444133 0.36530533745846017 2.09512638891629 0.11920165199996127 0.3731749394251624 2.1116271305866166 0.14085239755102721 
1737148668.0715292 2.302265630149841 5.739349480056763 0.38997655103859685 2.094626941054303 0.16717460123827974 2.2873858244984624 5.733222012135007 0.36502109317030706 2.0979350772921843 0.1178252630211371 0.36918170777557097 2.114285753685548 0.13748407565238224 
1737148668.091614 2.2993868748188016 5.744754667663575 0.38997655103859685 2.097296819012609 0.16717460123827974 2.2837316740899727 5.739585678665503 0.364735305311539 2.100759018072521 0.11644139964908529 0.3712974560348966 2.117292498420973 0.13643707905744928 
1737148668.1120381 2.294833854818344 5.752828236007691 0.38997655103859685 2.1031292883987445 0.16717460123827974 2.280015798460912 5.7460568390526605 0.3644446899780788 2.10363066032873 0.11503416031755448 0.36766432581227015 2.1202491582037415 0.1321540301225515 
1737148668.131605 2.2914655963420865 5.758002157592774 0.38997655103859685 2.105103025171408 0.16717460123827974 2.276455905891002 5.75225635649635 0.3641662739411704 2.10638175830719 0.11368599333337888 0.36933217511641236 2.1226276873324403 0.1312106554944114 
1737148668.1515222 2.2887374023437497 5.763290758514405 0.38777028086116266 2.1090962905889348 0.21143878866559976 2.2728322493897934 5.758566918191123 0.363882870983814 2.109182133284619 0.11231367830954472 0.3716724646856521 2.1257649916893318 0.1289823794099417 
1737148668.1715233 2.283892438793182 5.7711452201843265 0.38777028086116266 2.1129528994069844 0.21143878866559976 2.269193324246532 5.764904070073912 0.3635982738795203 2.1119943079243857 0.1109355808979828 0.3678223544366921 2.128305308948508 0.1262879904395062 
1737148668.1916199 2.280742750549316 5.776245947265625 0.38777028086116266 2.115318769831807 0.21143878866559976 2.2655370483736657 5.771271438079443 0.3633123197900707 2.1148198912713547 0.10955091259127571 0.3701786458743781 2.130895264587395 0.12512740734686356 
1737148668.2117627 2.27602474489212 5.7841926769256595 0.38777028086116266 2.1194131328602626 0.21143878866559976 2.2618723573969404 5.7776534609045065 0.3630257075628205 2.117651977841317 0.1081630574004232 0.366395801890562 2.1336279913499725 0.12237791589013314 
1737148668.2316446 2.272952989721298 5.789552803421021 0.38777028086116266 2.1221514613994845 0.21143878866559976 2.2582551206656856 5.783952842633864 0.3627428066899717 2.120447391597081 0.10679317360779275 0.36825829115185055 2.1363919096806834 0.12103362188899161 
1737148668.2516434 2.269854740285873 5.794947262191773 0.38183120617535377 2.124161853992062 0.16712531456005336 2.254616629290664 5.790289239113584 0.362458243510307 2.123259231019168 0.10541524046860948 0.37011840696599496 2.139407025611944 0.12066041208849151 
1737148668.2716494 2.2647926072120663 5.802752132797242 0.38183120617535377 2.1282139415417816 0.16712531456005336 2.2509768366109224 5.796627901802509 0.36217357855675547 2.1260720760942946 0.1040368145122903 0.36612418019760945 2.141751624849692 0.11757449782020091 
1737148668.2915244 2.261883483314514 5.807918424987793 0.38183120617535377 2.131295362199678 0.16712531456005336 2.247210875742848 5.802765523624556 0.3619282270022792 2.1285268791409826 0.10268584806696517 0.3683761021223416 2.144424012606661 0.11581449847394813 
1737148668.3114967 2.2568419734477994 5.815804596328736 0.38183120617535377 2.1350943536501688 0.16712531456005336 2.243261401845506 5.808757551339795 0.3617228958588667 2.130619865721154 0.10134856703038556 0.3640797773258824 2.1465938600061145 0.11284807338633132 
1737148668.3316343 2.2536579231262204 5.821035261535645 0.38183120617535377 2.137210164482762 0.16712531456005336 2.2528325248924403 5.821099015033349 0.38132186563548726 2.1336166609385203 0.07697654178897861 0.3822610874811801 2.1343123256637524 0.07407870296996888 
1737148668.351591 2.25038336315155 5.826368208312989 0.386664407129301 2.1392248889411265 0.13037243832337603 2.248669875312989 5.827417600832169 0.3811163842209234 2.135599307159882 0.06856786374228153 0.3845431237718296 2.1365155394615796 0.0658585142627346 
1737148668.3714924 2.2456502775192257 5.83404767074585 0.386664407129301 2.1425593985856786 0.13037243832337603 2.2445188128233413 5.833718598309012 0.3809114747813861 2.137576434516545 0.06018259196743059 0.3815382532359614 2.1387466759882865 0.05636986937003852 
1737148668.3916636 2.2422323683738705 5.83929669418335 0.386664407129301 2.14383994085991 0.13037243832337603 2.2403114559746475 5.840105046345848 0.38070378647605474 2.1395803745549187 0.05168360388472633 0.3839635889022614 2.1408042697577536 0.04864793278257014 
1737148668.4115086 2.23778228559494 5.846906061553955 0.386664407129301 2.1470409674940534 0.13037243832337603 2.236172129764801 5.846388229041632 0.38049945637602917 2.1415519119885396 0.04332203975002854 0.38132435416884336 2.1432429925369263 0.03952406479290146 
1737148668.4316907 2.234276787424087 5.8521128849029544 0.386664407129301 2.150030699258986 0.13037243832337603 2.2319624853361457 5.852778149451047 0.3802916551485896 2.143556941588184 0.034818430686616456 0.3837369276474447 2.145195999932307 0.02998373135993744 
1737148668.4515867 2.2307165423870083 5.857064600372315 0.39599425165123 2.1498362564946647 0.09026685333148975 2.2278125169064795 5.85907748622796 0.3800867997152779 2.1455335478503264 0.02643536894601707 0.38629623777869776 2.1468903518850304 0.023489464336382784 
1737148668.471625 2.225618527317047 5.864893789672852 0.39599425165123 2.152595806580356 0.09026685333148975 2.2236328596673163 5.865421888362044 0.37988047874938763 2.147524294722876 0.017992334912318372 0.3827787629841108 2.14891474302564 0.014311271357602393 
1737148668.4916456 2.2226632396221158 5.869760151290894 0.39599425165123 2.15354951526372 0.09026685333148975 2.21945693217809 5.871760629019096 0.3796743418956303 2.149513265136832 0.009556835086295457 0.38618828840049113 2.1511193950743426 0.007126714896917963 
1737148668.5115297 2.2176163057327267 5.877866859817505 0.39599425165123 2.1520097068097757 0.09026685333148975 2.215309450248381 5.878056191477988 0.3794696092037406 2.151488687093245 0.0011787961508132744 0.3821749137375879 2.1533319994332216 0.0025010887742592386 
1737148668.5316458 2.214414761447906 5.882866735839844 0.39599425165123 2.1536209449387234 0.09026685333148975 2.211113581029493 5.884425202165567 0.3792624879637789 2.1534871556391493 -0.007296986572249545 0.38518639442823627 2.1554052160440578 -0.005512715466915133 
1737148668.5517573 2.211082653188705 5.887990589523316 0.3964293771763897 2.1548791889213135 0.032685588992243726 2.2069186566805885 5.890792778612298 0.37905541336555754 2.1554851741488767 -0.015770860629367833 0.38786186664965105 2.1574281653561282 -0.013221884194553057 
1737148668.5718312 2.2059744159221646 5.895888443374634 0.3964293771763897 2.157022693652315 0.032685588992243726 2.202731589671551 5.897148428214084 0.37884872663022967 2.1574794502524997 -0.024228862622315772 0.38425332665444506 2.1595005244972247 -0.02175103177740617 
1737148668.591662 2.2026665369510647 5.901000852966309 0.3964293771763897 2.158341067237932 0.032685588992243726 2.198595247261654 5.903427081728243 0.37864454381991053 2.1594495665192457 -0.03258439939087292 0.38677353119382335 2.1615068329014755 -0.0294186337273296 
1737148668.6115417 2.1978324214458462 5.908712740325928 0.3964293771763897 2.161676479003261 0.032685588992243726 2.19444866047193 5.9097212854326475 0.3784398553149328 2.161424562125596 -0.04096063011651292 0.3836117448981768 2.163693693609475 -0.038943415510298854 
1737148668.631694 2.194176451349258 5.913990612411499 0.3964293771763897 2.1625690005710054 0.032685588992243726 2.1902452322931696 5.91610177004701 0.3782323609410482 2.1634266309609176 -0.04945168216713201 0.38573149266661844 2.1655270470256083 -0.046493635712529166 
1737148668.6515214 2.1911125639915463 5.918545360946656 0.40407240227418734 2.168656721421798 0.03660039351489765 2.1861095861032607 5.922379366752124 0.3780282124983272 2.165396415622059 -0.057805812550256366 0.3893873801601355 2.1673728963151 -0.059089637656954366 
1737148668.671519 2.1856503943443295 5.926408167266846 0.40407240227418734 2.1692287056789397 0.03660039351489765 2.1819384326939533 5.928710860718575 0.3778223113081001 2.1673831121690146 -0.06623166859045425 0.38540402788122674 2.1691422465655403 -0.06631812770385358 
1737148668.6915781 2.182399497413635 5.931960935974121 0.40407240227418734 2.167199122872429 0.03660039351489765 2.1777544489448637 5.935061830166014 0.37761577677213554 2.1693759197335334 -0.07468344230505687 0.3874560555837368 2.1714450369696685 -0.07043752820781758 
1737148668.7115724 2.1772709647655484 5.939078922653199 0.40407240227418734 2.171639267869922 0.03660039351489765 2.173583991755544 5.941392267323421 0.37740990994950663 2.171362284674885 -0.08310789195982195 0.3849948799161436 2.1730793202249092 -0.08166783960483483 
1737148668.7315893 2.1738584647417065 5.9446634010314945 0.40407240227418734 2.1677212823121885 0.03660039351489765 2.1694088102163054 5.947729875685066 0.3772038099181759 2.173350899797122 -0.09154188494430969 0.38679538353498966 2.1752595718892587 -0.08400359536723954 
1737148668.7516253 2.170486182951927 5.94975435295105 0.40018417803858125 2.1680887021126476 -0.06150517316897219 2.1652296502771335 5.954073522955545 0.37699751350057 2.1753414098085253 -0.09998391441698497 0.3894258330365987 2.1772104520757134 -0.09086216445391916 
1737148668.7718625 2.16520811715126 5.957204218292237 0.40018417803858125 2.172647463990911 -0.06150517316897219 2.1610085182186736 5.960480880714217 0.3767891452077608 2.177351910900639 -0.1085107288400385 0.38645263280659076 2.1789338088703065 -0.102224383960643 
1737148668.791661 2.1613333384037015 5.963012571716309 0.40018417803858125 2.167017537631291 -0.06150517316897219 2.156947343487104 5.966670492032769 0.37637706906943547 2.1771689927241344 -0.11196192939390955 0.386836648725076 2.1786877403820872 -0.10029172664311332 
1737148668.8116121 2.15619151391983 5.9711643413543705 0.40018417803858125 2.168437962987389 -0.06150517316897219 2.152923723032967 5.9728284948828385 0.3757523762895104 2.17482227299207 -0.11052039186163719 0.3818810199952752 2.1765658686381846 -0.1023924862108415 
1737148668.8315544 2.1527878949880597 5.976340408706665 0.40018417803858125 2.169773124580613 -0.06150517316897219 2.1489018816440515 5.978983774939137 0.37512795972082635 2.172476590874638 -0.10907949171286521 0.38344754950229376 2.1741831567640504 -0.10466945952942794 
1737148668.8516352 2.149149344348907 5.981752033615113 0.3961396983365766 2.169066171330615 0.03076054629919038 2.148572290859108 5.983222248269232 0.3980446277799942 2.1588534587821826 -0.11044955603777312 0.40097687012292044 2.158514714669933 -0.12100101269845526 
1737148668.8715646 2.1439706245899197 5.989628429794312 0.3961396983365766 2.1697396571514234 0.03076054629919038 2.1443631077728087 5.989811130074843 0.3974294013305097 2.1566340353234383 -0.11143802222072156 0.3973063524254686 2.156201813232436 -0.12497586613970905 
1737148668.8916538 2.1404450098514554 5.995123978042603 0.3961396983365766 2.1698520983994807 0.03076054629919038 2.140120186767287 5.996452823829367 0.3968092436485673 2.1543968224913552 -0.1124344112693546 0.39925593970442025 2.153931151510304 -0.12835535815853139 
1737148668.9118543 2.1352401236534115 6.002755041503907 0.3961396983365766 2.1737131985172606 0.03076054629919038 2.135853749928516 6.003131328300523 0.39618564882400126 2.152147210200542 -0.11343632267362154 0.3961429012376941 2.1514207394484557 -0.13572878174242647 
1737148668.9315672 2.1317236731290814 6.008594150924683 0.3961396983365766 2.1691623993571483 0.03076054629919038 2.1316902892760288 6.009648638091783 0.39557710529850443 2.149951895325367 -0.11441405159979146 0.39728830638591445 2.1493973441487575 -0.13417910680818224 
1737148668.951567 2.1279016742944714 6.0139030174255375 0.40440864842086643 2.167643018604451 0.03265994898906467 2.1274662514342513 6.016260772919677 0.39495970763472876 2.147724639232093 -0.11540600620867565 0.3991647823346796 2.146813584541162 -0.1362354402719645 
1737148668.9715047 2.12262716987133 6.021876211547852 0.40440864842086643 2.166290951756816 0.03265994898906467 2.123255305919336 6.0228524135584385 0.39434422358354865 2.145504286477726 -0.11639488627266732 0.3952520904975143 2.14445793928273 -0.1382278987467535 
1737148668.9915743 2.1194015006065365 6.027547474288941 0.40440864842086643 2.169564886382999 0.03265994898906467 2.1190165140322863 6.029487643761007 0.3937246694255787 2.143269250852529 -0.11739030565714195 0.3972182993090564 2.1425497728496015 -0.1444054191905393 
1737148669.0114958 2.113412723922729 6.035821552658081 0.40440864842086643 2.165202851235228 0.03265994898906467 2.1148089926643965 6.036073924381073 0.39310968585769285 2.1410507035868 -0.1183783816093925 0.39208145310442877 2.1397534321319314 -0.14382780071268908 
1737148669.0315454 2.1101738969326016 6.041432018661499 0.40440864842086643 2.163899503565564 0.03265994898906467 2.1105744306060252 6.042702533384076 0.39249074994379224 2.138817898271096 -0.1193728076793634 0.39411574317453835 2.1378079008767266 -0.14546441036820099 
1737148669.051518 2.106513426685333 6.046937580490113 0.4046062657775186 2.163913730410925 -0.09033927649956475 2.1063561332460257 6.0493056822982725 0.39187419132553925 2.1365936690264196 -0.12036341421856395 0.39583114278068954 2.1354698782553174 -0.14880726637417158 
1737148669.0716205 2.101155639672279 6.055373068237305 0.4046062657775186 2.161439864975091 -0.09033927649956475 2.102110392354718 6.055951790185841 0.39125362148088394 2.134354969321341 -0.12136046547686614 0.39121411822326996 2.133251416662423 -0.14954891378953455 
1737148669.0915282 2.0976962158918377 6.0602194026947025 0.4046062657775186 2.163787086647103 -0.09033927649956475 2.097905791582821 6.062533499025255 0.39063906479580784 2.1321379620312144 -0.1223478555691022 0.39414739961128814 2.1307447468076983 -0.15539019540850685 
1737148669.1114907 2.092303783679008 6.068898792648316 0.4046062657775186 2.1572130770179365 -0.09033927649956475 2.0936896091371606 6.06913333733967 0.39002281529958954 2.1299148479412846 -0.12333796545105088 0.38900428732904346 2.1286304317435953 -0.15192061072539206 
1737148669.1315467 2.0886537591457364 6.074115629577637 0.4046062657775186 2.1553767654127483 -0.09033927649956475 2.089453687491 6.07576407458539 0.3894036806643809 2.1276813257403866 -0.1243327108006837 0.39125846463822095 2.12614863678158 -0.1535608394318519 
1737148669.1515932 2.0854573557615277 6.0791050151824955 0.41607558507649894 2.155995535854548 -0.11911526748157042 2.085219780048972 6.082391658878935 0.3887848404311101 2.1254488655916286 -0.12532698314340995 0.3943284295980641 2.1239789942835348 -0.15734352471442337 
1737148669.1715915 2.0801201472520825 6.087454433822632 0.41607558507649894 2.1532604940815037 -0.11911526748157042 2.080996044337814 6.089003320764002 0.3881674869276251 2.123221768806175 -0.12631886680125817 0.38979859731854394 2.121723585523537 -0.15785577535922482 
1737148669.1916296 2.0768586257934567 6.092840071105957 0.41607558507649894 2.152082517239002 -0.11911526748157042 2.076763899324402 6.095628146224396 0.3875489042960498 2.120990237953039 -0.1273127252629412 0.3921563570471499 2.119666435886331 -0.15972880661561203 
1737148669.2115264 2.0732341865539547 6.098179693603516 0.41607558507649894 2.1507676404370075 -0.11911526748157042 2.0725616148872574 6.10220622916881 0.3869346861732022 2.1187744520228726 -0.12829957139723475 0.3941269747170981 2.1173097380057104 -0.16175747382853184 
1737148669.231614 2.0678123990535733 6.106426592254639 0.41607558507649894 2.1497080122734786 -0.11911526748157042 2.0683189960123554 6.108847449980509 0.38631457265155045 2.1165373984986107 -0.1292958894948318 0.3897445804783211 2.1149131177843215 -0.164090783983989 
1737148669.2515824 2.064556689047813 6.111877556228638 0.39026480582849105 2.1463478825104554 -0.17994193010241277 2.0641016050442156 6.115449180066228 0.38569814651416945 2.114313647177397 -0.13028628318092442 0.3919502720665136 2.1128197294498183 -0.16381443624156147 
1737148669.271604 2.059722916269302 6.120308990859986 0.39026480582849105 2.146682169755188 -0.17994193010241277 2.0598729345329327 6.122068566684121 0.3850800717259369 2.112083948364202 -0.13127932570569367 0.38779685456000285 2.111022949846035 -0.16693854561484667 
1737148669.2916038 2.0563412467479703 6.1256960586547855 0.39026480582849105 2.143529921663933 -0.17994193010241277 2.0559357321392517 6.128632280701222 0.38428493812641995 2.109580726993829 -0.1311346001167451 0.38946576494732926 2.108393340604619 -0.16627118117605916 
1737148669.3116703 2.051406704866886 6.133861656570435 0.39026480582849105 2.14011691733707 -0.17994193010241277 2.052317513865261 6.135161837411746 0.3832813504080952 2.1067496105399677 -0.12967323200537495 0.3845208999262184 2.1052664659690628 -0.1645236833733824 
1737148669.3315375 2.047772795939445 6.139432068252564 0.39026480582849105 2.13683732951733 -0.17994193010241277 2.048569078038273 6.139032926490382 0.38770825028904843 2.137662871440757 -0.126365216680817 0.38625606615957486 2.137194063478654 -0.12600848271949325 
1737148669.3514948 2.04447296359539 6.144612665557862 0.4143384547660338 2.136266431965481 -0.15362938626845934 2.0446930838749413 6.145483872490153 0.3866739828851448 2.134979346056252 -0.1267387535800958 0.3878491097410448 2.134350040346973 -0.1286551451986041 
1737148669.3714838 2.0392777035474774 6.153270359420777 0.4143384547660338 2.1285778148132826 -0.15362938626845934 2.0408109312395135 6.15194506823986 0.385638072159121 2.132291556884058 -0.1271128839829956 0.38195556182649715 2.131719887818355 -0.12397081097792298 
1737148669.3915563 2.036166005814075 6.158627624893189 0.4143384547660338 2.128139927978078 -0.15362938626845934 2.036912572098571 6.158433237015718 0.3845978369012018 2.129592547217943 -0.12748857623752968 0.38353265187252866 2.1290809353776803 -0.12654756883792734 
1737148669.4117436 2.031169385695457 6.166529055023194 0.4143384547660338 2.1268794908133417 -0.15362938626845934 2.0329918942843186 6.164958551501873 0.38355164614507237 2.126878085328773 -0.12786641938488574 0.37918941838856857 2.1261840621489725 -0.12856184804925497 
1737148669.4315503 2.027624965691566 6.172290201568604 0.4143384547660338 2.1217859851166394 -0.15362938626845934 2.0291451644395173 6.1713607919229965 0.38252518761019133 2.124214820950433 -0.12823713602635645 0.37950477900950275 2.1234378847593143 -0.12658523638368158 
1737148669.4515457 2.0243088016748425 6.177830334091187 0.40026714556100623 2.120517563014111 -0.11903678623693532 2.02526176158795 6.1778240684490076 0.3814889432774213 2.121526166197279 -0.12861138691495377 0.38053128295902583 2.1207179270907774 -0.1284110228382872 
1737148669.4717293 2.0198813463091847 6.185886736297608 0.40026714556100623 2.116640492532797 -0.11903678623693532 2.0213418246425214 6.184348149882539 0.3804429502141785 2.1188122172449733 -0.12898915866337798 0.376502022913117 2.118367503891027 -0.12726214730514826 
1737148669.4918005 2.0166953811883923 6.191408272171021 0.40026714556100623 2.115300609714477 -0.11903678623693532 2.017443697023086 6.190835933329452 0.3794027767352864 2.116113367871629 -0.12936482860574586 0.3777355808815813 2.1157706804479735 -0.1288947578722495 
1737148669.5116298 2.0121228406667706 6.199506159210205 0.40026714556100623 2.1110756180094286 -0.11903678623693532 2.0135925682696447 6.19724549500053 0.37837514439889086 2.1134470579306535 -0.1297359691783744 0.3732548824239357 2.1133559525676744 -0.12745563462012857 
1737148669.5319538 2.008665234827995 6.204889889144898 0.40026714556100623 2.109975911500653 -0.11903678623693532 2.009645358090649 6.2038149681837815 0.3773218737662585 2.1107142264900083 -0.13011636929997739 0.37461273663693107 2.1104262970540755 -0.12966598374655502 
1737148669.5517983 2.00576207139492 6.210415716552735 0.40026714556100623 2.110003430977154 -0.11903678623693532 2.0057912658619137 6.210229462065356 0.3762934506583163 2.1080458648015727 -0.13048779546833336 0.3759610351463987 2.108116056767379 -0.13237516967810806 
1737148669.5716567 2.0011991197705266 6.218590612792969 0.40026714556100623 2.1045465027810852 -0.11903678623693532 2.001934487983693 6.216648425762692 0.37526431091366014 2.105375643717002 -0.13085948045781728 0.37137715218075185 2.105732137429274 -0.12967384580962862 
1737148669.5916753 1.998017267370224 6.224105472946167 0.40026714556100623 2.1019911992871303 -0.11903678623693532 1.998046593614883 6.223119177670236 0.3742268680677648 2.1026838792841045 -0.13123416420243894 0.37258353374786035 2.103158497936583 -0.13006686555298608 
1737148669.6118157 1.994918131315708 6.2291623310089115 0.3918126273789081 2.103137840003392 -0.12098432311082337 1.9941350377480207 6.229629310195959 0.3731831114053022 2.0999757329300834 -0.1316111282504466 0.3747001243595144 2.100425172682053 -0.1343237955717855 
1737148669.6316123 1.9903021464586257 6.237574215316773 0.3918126273789081 2.0960467988567473 -0.12098432311082337 1.9902902526838813 6.236028313853944 0.37215717181424857 2.0973138150110135 -0.13198165746972118 0.3696291263875453 2.0981174008703274 -0.12991105545614107 
1737148669.6514857 1.9874180155336856 6.242992277526856 0.3955569132272024 2.093952977021873 -0.1493815503336777 1.9864305576346677 6.242452132695987 0.3711272536538512 2.0946415742375373 -0.13235362359249928 0.3711770852127203 2.0957794424813447 -0.13052715813302754 
1737148669.6714873 1.9828802058935164 6.250853176498413 0.3955569132272024 2.093117043328929 -0.1493815503336777 1.9825459508712622 6.248917412932512 0.37009068807014034 2.091952085961978 -0.13272799050436085 0.3672172057447481 2.093219831193223 -0.13262520264006655 
1737148669.6917102 1.9799441630482673 6.256502504730225 0.3955569132272024 2.0881698949942673 -0.1493815503336777 1.9786183737160905 6.255454210221228 0.36904265629900407 2.089232847348253 -0.1331064985542698 0.36856084579115794 2.0909226432311137 -0.13035375031742344 
1737148669.7120535 1.9754040698051452 6.264699573898316 0.3955569132272024 2.087405556421783 -0.1493815503336777 1.9746674128886754 6.262029925733389 0.367988384846133 2.0864974191647288 -0.13348726013296527 0.3642659551234133 2.0884767787264553 -0.13241603782829278 
1737148669.731625 1.9729798557698726 6.269625063323975 0.3955569132272024 2.086233431603583 -0.1493815503336777 1.9708663390851258 6.268356179286559 0.36697410913539147 2.0838657645206897 -0.13385357681526064 0.36684476247996944 2.0863576596474487 -0.13372934877139506 
1737148669.7514935 1.9699626053214072 6.2751547054290775 0.3840077000277202 2.082605830980446 -0.152810942682924 1.9670076164262433 6.274778379747033 0.3659444504469078 2.081194196976848 -0.13422544922694066 0.36806336873868345 2.0840714443305406 -0.1327598358768459 
1737148669.7719288 1.9660431677937507 6.282608623886109 0.3840077000277202 2.0788320750299247 -0.152810942682924 1.9630387821384598 6.281383842653748 0.3648854096531465 2.078446394191458 -0.13460793330486706 0.36562675885050316 2.081801415585395 -0.1316385927493968 
1737148669.791885 1.9630006114482879 6.288222904586792 0.3840077000277202 2.075080565400164 -0.152810942682924 1.9594186678544867 6.287880582787438 0.3645199546025317 2.075789108116831 -0.13408206975850673 0.3672433300069236 2.079226998325416 -0.12993563683325465 
1737148669.811496 1.9588579414874314 6.29590856590271 0.3840077000277202 2.071925064442523 -0.152810942682924 1.9561272866254429 6.294313086886764 0.3648570398565801 2.0732049102576937 -0.13262897297854107 0.3646985716253962 2.0764980599562186 -0.12805597746484557 
1737148669.8316133 1.9561603116333484 6.3009139255523685 0.3840077000277202 2.071078870879742 -0.152810942682924 1.9557535432649094 6.302492304301686 0.38485080664205473 2.0708716048992666 -0.11063121986860319 0.3878530777346791 2.070455091185327 -0.11125499956301849 
1737148669.8516302 1.9534991020798682 6.306065674209595 0.3760308569718767 2.0668761637658215 -0.1307115047872207 1.9522034801309815 6.309402167817802 0.3851933598650861 2.0683656801552 -0.10361548802740796 0.39193895421513314 2.067882787056059 -0.10260886473717047 
1737148669.8716109 1.9493073178917169 6.313673372650147 0.3760308569718767 2.065008399395248 -0.1307115047872207 1.9486598442109413 6.316299521367453 0.38553529291243355 2.0658642922640595 -0.09661245782204847 0.3905103520198696 2.0651431546041947 -0.0964777026131019 
1737148669.8916261 1.946738501125574 6.318922396087647 0.3760308569718767 2.063009798494956 -0.1307115047872207 1.9451100770671266 6.323208808766692 0.3858778175747426 2.063358576454009 -0.08959731092460885 0.3945169631407295 2.0627286952589325 -0.08987841416063233 
1737148669.9114835 1.942639534407854 6.326817627334595 0.3760308569718767 2.062943288993204 -0.1307115047872207 1.9415883021311644 6.330063611969882 0.3862176412087438 2.06087261983236 -0.08263748299376963 0.39259921496912153 2.0602339873595783 -0.08534678462739512 
1737148669.9315522 1.9400852909773587 6.332207794570923 0.3760308569718767 2.0582858071839727 -0.1307115047872207 1.938029063303726 6.336991335109174 0.38656107981416615 2.0583602181337874 -0.075603617896151 0.3964210121932203 2.057908829666028 -0.07598059541409552 
1737148669.9517503 1.9372300254642962 6.337878580474854 0.3760308569718767 2.0558564695182158 -0.1307115047872207 1.9344468641003603 6.343963748457611 0.3869067339156175 2.0558316091250917 -0.06852437787577705 0.3996004734421627 2.055432707028768 -0.06894814036522469 
1737148669.9717112 1.9331705279644578 6.346100445175171 0.3760308569718767 2.053969451147125 -0.1307115047872207 1.930906737777377 6.350854270907154 0.3872483283144006 2.05333269859443 -0.06152828343209103 0.3972451736282405 2.0531193192232102 -0.06237841535600573 
1737148669.9915652 1.9303273028224706 6.351825352096558 0.3760308569718767 2.0518014850782587 -0.1307115047872207 1.9273855548216412 6.357707921876591 0.3875880948269572 2.0508471598408136 -0.054569625388763005 0.40008294901296715 2.050732842656095 -0.05563826781092654 
1737148670.0115125 1.9259839663743972 6.360526676559449 0.4085718061019295 2.048937517090005 -0.11919359533868071 1.9238478387038658 6.364593753088709 0.38792945665985884 2.0483499506299996 -0.04757829405851538 0.396657753137798 2.0483772471655493 -0.04813856398297117 
1737148670.031526 1.9229509635359048 6.366399641418457 0.4085718061019295 2.0473977548114606 -0.11919359533868071 1.9202983675501644 6.371502464371071 0.3882719527614456 2.045844443753966 -0.04056373210483134 0.39919891300918925 2.0458688609607423 -0.04209262595554965 
1737148670.0515795 1.9201288884967564 6.372265453720093 0.4085718061019295 2.045730873296164 -0.11919359533868071 1.9167418349180472 6.378424920156062 0.3886151302402642 2.0433339523092564 -0.03353521506440672 0.40196467568187405 2.0435419184798183 -0.03572416988075257 
1737148670.0716143 1.9154944438949226 6.38129412689209 0.4085718061019295 2.0411077020853194 -0.11919359533868071 1.9131886004614773 6.385340956352999 0.3889579894710344 2.0408257889864436 -0.026513215968687276 0.39779738999902553 2.0410440382601185 -0.02657687979388823 
1737148670.0915518 1.9126629187256097 6.387111778640747 0.4085718061019295 2.0385001938641416 -0.11919359533868071 1.9096526180000795 6.392223413166268 0.3892991840197054 2.0383298035320108 -0.01952531073757957 0.40054674162959664 2.038705259561012 -0.019320245040709172 
1737148670.1116035 1.9098094283133744 6.393200512313843 0.39844985943437045 2.0375554304204417 -0.11999039637856576 1.9060963813580756 6.399145292834382 0.3896423329378017 2.035819521021318 -0.012497378640910536 0.4029016588390796 2.036474925294346 -0.013577883767006124 
1737148670.1316304 1.9054108588486909 6.402203913116455 0.39844985943437045 2.0339734648709777 -0.11999039637856576 1.9025445422834681 6.4060586130517585 0.3899850575251668 2.033312342673154 -0.005478137137181746 0.3989694920631889 2.0341608193205216 -0.005290782687637871 
1737148670.1515188 1.9026303058952092 6.407999868774414 0.4161396623243651 2.0339603956676395 -0.114801945920673 1.89901727038826 6.412924115568372 0.39032541157258194 2.0308225058483442 0.0014925540348327826 0.4017565370183674 2.0318329373751296 -0.0006349042576771491 
1737148670.1714897 1.898553703957796 6.416306372070313 0.4161396623243651 2.034678601813713 -0.114801945920673 1.8954753681245973 6.419818094719174 0.3906671773356988 2.028322341713585 0.008492158141052364 0.3992366279674278 2.0294858833134004 0.0032994396407396986 
1737148670.191629 1.8958372856020926 6.4222730354309085 0.4161396623243651 2.0335402436309598 -0.114801945920673 1.891903613143799 6.426770179372107 0.39101182365166365 2.0258011050908937 0.015550758003193221 0.4019712984628513 2.027297824390226 0.009308338762459678 
1737148670.211681 1.8914721245408057 6.431527490997315 0.4161396623243651 2.026898457778159 -0.114801945920673 1.888347334217493 6.4336921413426325 0.3913549766498631 2.0232907927324844 0.02257877366325592 0.3976496147199366 2.0250824025618828 0.02076271844697966 
1737148670.2318923 1.8885825137138366 6.4374703125 0.4161396623243651 2.02574842990596 -0.114801945920673 1.8847627670932214 6.440669163626083 0.39170085923709275 2.020760512251658 0.029662693233674625 0.4003301357945627 2.0227293222351648 0.026643585562879574 
1737148670.2518122 1.886124760890007 6.443358774566651 0.42888157555644035 2.024686494346935 -0.02882568920528954 1.8812299136701636 6.447545530060942 0.3920417518581282 2.018266735528255 0.03664441477365177 0.403237233425992 2.0206929208186675 0.03265084124538431 
1737148670.2718377 1.882026393944025 6.451961632156372 0.42888157555644035 2.0259964719707377 -0.02882568920528954 1.8776783283013676 6.454458356463852 0.3923844519648742 2.01575973626639 0.043663154897018636 0.4002217784789503 2.0184178313326173 0.03608451425889822 
1737148670.2918496 1.8789749155282973 6.458248730087281 0.42888157555644035 2.0236277063915673 -0.02882568920528954 1.8742193128418156 6.461339872595619 0.39213851986519377 2.0149217956143923 0.048108182939405775 0.40132389801976737 2.0176881281333423 0.04216860468118078 
1737148670.3115458 1.8747753696978091 6.467073316955567 0.42888157555644035 2.0221038951001047 -0.02882568920528954 1.87091293607612 6.468083883823143 0.39125640122341543 2.0159108372290886 0.04968857212632849 0.3961490217303287 2.0187563446061514 0.04634102163237519 
1737148670.3315215 1.8721839683592318 6.47273003616333 0.42888157555644035 2.0231658182271643 -0.02882568920528954 1.867559652401387 6.47492357099555 0.3903617681400528 2.016913910180303 0.05129138198006805 0.39791238814441793 2.019921997862621 0.04804756161552476 
1737148670.3515286 1.8694819072723388 6.478664989852906 0.41836459150083577 2.021300000080445 -0.04418341491472235 1.8642010856959437 6.48177403395697 0.3894657255803342 2.017918563452695 0.05289671702836378 0.3991303844911511 2.0211859658959934 0.05278268284391212 
1737148670.3716364 1.865352065348625 6.487468595886231 0.41836459150083577 2.020640013459264 -0.04418341491472235 1.8608256293014098 6.4886589467893305 0.3885651769674172 2.018928268964004 0.05451012504713451 0.39432984402989596 2.022335550425284 0.056205662013154384 
1737148670.3918438 1.8626874695062636 6.493522997283936 0.41836459150083577 2.0198437866277548 -0.04418341491472235 1.8574334433096256 6.495577982953569 0.3876601650127065 2.0199429788257093 0.056131529515333095 0.3955118205335062 2.0236150250330067 0.05990276792058505 
1737148670.4118032 1.8584757158994674 6.502516146087647 0.41836459150083577 2.020136281603973 -0.04418341491472235 1.8540828811961678 6.502412118961939 0.3867662580232242 2.0209452376720742 0.057733038511271 0.39021980425484554 2.024770105686454 0.06236686259375203 
1737148670.431566 1.8558829362034797 6.508009786987305 0.41836459150083577 2.020707901123687 -0.04418341491472235 1.850765338024652 6.50917890628897 0.3858811602609663 2.0219376195110783 0.05931876504123288 0.39211958822168813 2.025853662464897 0.06446452638244268 
1737148670.451497 1.8531216690778731 6.514258737945557 0.41836459150083577 2.0183111105601976 -0.04418341491472235 1.847419538643426 6.516003327760274 0.38498852393577454 2.0229384536739574 0.06091799753601788 0.39270340066168125 2.0271136797889002 0.06972056676472047 
1737148670.4715536 1.8490377897858619 6.522803659820557 0.4207791058766957 2.0172265384055246 -0.030742357837969657 1.844052687185277 6.522870689118103 0.38409027106086147 2.0239455851772874 0.06252729254850395 0.38835137653557433 2.028178303233444 0.07347905737642355 
1737148670.4915223 1.846217692875862 6.5285562232971195 0.4207791058766957 2.0187144205192684 -0.030742357837969657 1.840700564176382 6.529708008882317 0.38319594763518305 2.0249483109367277 0.06412954762465163 0.3897610793578285 2.0291809931414866 0.0745961202468698 
1737148670.511486 1.8420071239113807 6.536907787704468 0.4207791058766957 2.0170444417401785 -0.030742357837969657 1.8373492816496457 6.536543614316462 0.3823018484443795 2.0259507852814354 0.06573140096530174 0.38557065800736784 2.0300799905748006 0.07876694979992384 
1737148670.5316105 1.8396692583799361 6.542537327194214 0.4207791058766957 2.0173063344045628 -0.030742357837969657 1.8339710236479168 6.54343424158239 0.38140055238187975 2.0269613288418538 0.06734614810239771 0.3876993749203315 2.031448672639405 0.08148848633724017 
1737148670.5516064 1.8370026508808135 6.548139925384522 0.4082551352079548 2.017563091698101 0.0 1.8306143380215898 6.550280867709844 0.38050501168116674 2.0279654194241292 0.06895058402838936 0.38951231585433416 2.032655821298615 0.08404331362890324 
1737148670.571498 1.833328479015827 6.5565901950836185 0.4082551352079548 2.018037497366729 0.0 1.8272751824517122 6.557091737810115 0.37961414787927106 2.028964266213406 0.07054664089971735 0.38555551802161236 2.0340660811638287 0.08657522469681683 
1737148670.5915518 1.8307978222608565 6.562418337249756 0.4082551352079548 2.018691551585095 0.0 1.8239087712461224 6.563958201185526 0.37871601246072095 2.0299712660233045 0.07215572547932375 0.3871394106955132 2.0353531344480436 0.08881730834227236 
1737148670.611679 1.8266737768888472 6.57118260421753 0.4082551352079548 2.0174403124906046 0.0 1.8205300329688743 6.570849808068638 0.3778145882640071 2.0309819532492845 0.07377070217956119 0.38243182977443335 2.0365200121637868 0.09285040185274332 
1737148670.6315427 1.8237682367205619 6.577029581451416 0.4082551352079548 2.0182915340725995 0.0 1.8171955600853082 6.577651126901373 0.3769249737706996 2.0319793992993356 0.07536452081025986 0.3835392107233764 2.0374753330743127 0.09454831981197305 
1737148670.6515317 1.8210388282775878 6.582918043518067 0.3997137954009771 2.0189593660641285 0.018019066345291056 1.8138400351248194 6.584495385620635 0.3760297427276708 2.0329831426898375 0.07696840195865962 0.3848103668798342 2.0387273347645998 0.09673637065913088 
1737148670.6716335 1.8168837884902953 6.591678018951416 0.3997137954009771 2.0190780535642467 0.018019066345291056 1.8104655793042839 6.591378257583863 0.3751294610610333 2.033992548897893 0.07858133172088563 0.3800680447104438 2.0398725405525284 0.09937581870916731 
1737148670.6916113 1.8144417638421058 6.59696852722168 0.3997137954009771 2.021828155696659 0.018019066345291056 1.8071119354229117 6.598218679469158 0.37423473187701006 2.0349957295982786 0.08018431374698129 0.38259301442606214 2.0409944359089067 0.09935059395922916 
1737148670.711555 1.810199336194992 6.605982656860352 0.3997137954009771 2.018999181291242 0.018019066345291056 1.8037640148248093 6.60504742758302 0.37334152962570566 2.0359971982840546 0.08178456014564112 0.3772379737343232 2.0421725336447207 0.10495791249911984 
1737148670.7316244 1.8074220950245856 6.611540193939209 0.3997137954009771 2.020309554895476 0.018019066345291056 1.800395002126824 6.611919197218174 0.37244270014682884 2.037004976282412 0.08339488819226379 0.37908655576346684 2.04311606378673 0.10620139708351792 
1737148670.7515945 1.8047467777967452 6.617363329315186 0.3997137954009771 2.0215706646376193 0.018019066345291056 1.7970426389801697 6.61875700679098 0.3715483126540433 2.038007773874633 0.0849972580499822 0.3805041686192848 2.0442629266337713 0.10768952004613425 
1737148670.7715886 1.8009666661262511 6.6255434707641605 0.4051364166692991 2.0262234090432187 0.048420047459317245 1.793686273537522 6.625602979840312 0.37065285737613973 2.0390117686798677 0.08660154093387953 0.3769958793420421 2.0453996385013604 0.10577777039202121 
1737148670.7917159 1.7983799884557723 6.631082411193848 0.4051364166692991 2.0271696589759527 0.048420047459317245 1.7902686477385905 6.63230123669767 0.3699757052118346 2.040395600469042 0.08764235401939377 0.37901417217004213 2.0469925239676328 0.10746521901107384 
1737148670.8115914 1.7942087660074233 6.639561052703858 0.4051364166692991 2.0264070259706015 0.048420047459317245 1.7868497035511444 6.638696592964646 0.3695611785337124 2.0421849861255255 0.08801947988241197 0.37444688754899186 2.0490458209260565 0.11065827483786693 
1737148670.8315597 1.7914380142927169 6.645079012298584 0.4051364166692991 2.026943553694951 0.048420047459317245 1.7905927332099358 6.645842078434432 0.4040845527754543 2.0306178388586287 0.0987137734646323 0.4060965128665398 2.031031372109412 0.10280159187909356 
1737148670.8514922 1.7889657328367232 6.650245066070557 0.39079705920525754 2.03195493899853 0.04813006064735364 1.7869425690934095 6.652924049077076 0.4036592756450401 2.0322406550778127 0.10663115216993921 0.40992848930391546 2.0328739928726987 0.107550206044108 
1737148670.8714907 1.7846928248643874 6.659157629394532 0.39079705920525754 2.032091508203921 0.04813006064735364 1.783280310967574 6.660029484258887 0.40323258945316737 2.033868848138649 0.11457476335376209 0.40591349196692855 2.034763733941509 0.11724698909134983 
1737148670.891527 1.7820347855329512 6.66479193725586 0.39079705920525754 2.033275735731211 0.04813006064735364 1.779611154453757 6.667148303546071 0.4028050995367081 2.035500108134436 0.1225333374675688 0.4088711263833673 2.0366368522529816 0.12589445398933963 
1737148670.9115086 1.7778443852901458 6.6733363822937015 0.39079705920525754 2.034178869159916 0.04813006064735364 1.7759519962364445 6.6742477243514164 0.4023787745122128 2.037126923015643 0.1304702248031078 0.4055420194482812 2.0384376562314337 0.13472901187462563 
1737148670.931488 1.775067449593544 6.678802366638184 0.39079705920525754 2.0399015559536755 0.04813006064735364 1.7722932309652832 6.681346382771014 0.4019524952694978 2.038753563198024 0.13840625981985025 0.40864403115644116 2.040113298731373 0.13861800259754756 
1737148670.9515274 1.772215337538719 6.684772367858887 0.40970254731172595 2.0405400656673436 0.0661398078686268 1.7686235068625815 6.688466303282057 0.4015249392238004 2.04038507553656 0.14636606506080752 0.41087190767498893 2.0418802595586185 0.14770625895208245 
1737148670.971564 1.7675845930814742 6.693603392028809 0.40970254731172595 2.043097808179809 0.0661398078686268 1.7649542630273978 6.695585291988297 0.4010974391336122 2.042016374354308 0.15432482857879126 0.40672144236504537 2.0434261115761867 0.15465313197516917 
1737148670.9915676 1.7645398239135741 6.699805136108399 0.40970254731172595 2.0454241186060527 0.0661398078686268 1.7612910880272103 6.702692506070189 0.40067064611758546 2.043644975045739 0.16227042850647272 0.4083658334187232 2.0451849093135084 0.16203121921392843 
1737148671.0114617 1.7601274708747863 6.708923693084717 0.40970254731172595 2.048260283051043 0.0661398078686268 1.7576479532807157 6.709760838478876 0.40024618797235123 2.0452646660970304 0.17017256017553029 0.4038133782608507 2.0470446449619706 0.16895692208645785 
1737148671.0315416 1.7570025781631469 6.715030546569825 0.40970254731172595 2.0489365599952394 0.0661398078686268 1.7539708068618316 6.716895159609626 0.3998177671596937 2.0468994783022847 0.17814846477153348 0.4056066068449332 2.048695914307202 0.17790781908349598 
1737148671.0517018 1.754055068874359 6.721583242797852 0.40970254731172595 2.0478750244412187 0.0661398078686268 1.7502789467926325 6.724058027851203 0.3993876320737092 2.0485408320080336 0.1861562839713629 0.4068619821560675 2.0507038372631805 0.1889850967933247 
1737148671.0716047 1.7494595507621764 6.730868215942383 0.4242990540439643 2.0500365815281927 0.11909647426605592 1.7466341966008512 6.731129494512415 0.39896298571448957 2.0501612412656107 0.1940619196176952 0.40187934741680026 2.0524109687028385 0.19643630679234098 
1737148671.0916197 1.7462046603202819 6.736511583709717 0.4242990540439643 2.0542603967263173 0.11909647426605592 1.7429689258878591 6.7382407746516355 0.39853594852896823 2.0517907736841154 0.20201206524562493 0.4042930011565329 2.053740870735846 0.2014925392551536 
1737148671.111618 1.7417013952970504 6.745572443389893 0.4242990540439643 2.055363002077169 0.11909647426605592 1.739306711422707 6.745346125123919 0.39810926742395997 2.0534189473339715 0.2099555817273593 0.39983999998704867 2.05551765284732 0.21011023249751015 
1737148671.1315992 1.7385902265548705 6.75144326248169 0.4242990540439643 2.057479818926059 0.11909647426605592 1.7356476405267616 6.752445376510209 0.3976829525731936 2.055045723393217 0.21789227965872127 0.4019708587843744 2.057061028264955 0.21747348899761731 
1737148671.151538 1.7353809038639068 6.757669325256348 0.43205064058314624 2.055445621518632 0.13811741837960867 1.7319963412324662 6.759529549600572 0.3972575431843032 2.056669044297899 0.22581212061832934 0.40338591316539657 2.0586356367198904 0.22900213581958784 
1737148671.171532 1.730675072455406 6.76624285736084 0.43205064058314624 2.059112872828339 0.13811741837960867 1.7283349126596157 6.766633375301357 0.39683095364285537 2.0582968685501024 0.23375393246247061 0.39956923381518844 2.060041680888179 0.23468274052231058 
1737148671.19158 1.7275927821636199 6.772168989562989 0.43205064058314624 2.0629454445895163 0.13811741837960867 1.7246635731116273 6.773756430064926 0.39640320938317253 2.0599290990949237 0.24171724168070258 0.4016806595712941 2.0616324684380047 0.24040426552919097 
1737148671.2117019 1.7232135097026824 6.781009550476075 0.43205064058314624 2.0679584390548897 0.13811741837960867 1.72097874241246 6.780905660072547 0.395973893282368 2.0615673276327806 0.2497098138442827 0.39780095506043434 2.0634374407745746 0.24518881556396754 
1737148671.2316372 1.7202776680231093 6.787188406372071 0.43205064058314624 2.067698840307371 0.13811741837960867 1.7173280543677327 6.787988647229522 0.3955485551095802 2.0631903767837327 0.25762832897465165 0.3995376905817914 2.0652465281217705 0.2551760167890513 
1737148671.251601 1.7172004590272902 6.792644377136231 0.4190786533181773 2.0728950252083407 0.1961568163308245 1.7136721707016773 6.7950817148202916 0.39512261159992024 2.0648157358413877 0.2655581136535528 0.4023783199510826 2.066677643381303 0.25934073182651535 
1737148671.271544 1.7126743356227874 6.8014138893127445 0.4190786533181773 2.0747078019616914 0.1961568163308245 1.7100200855150802 6.802167412682153 0.3946971106474694 2.066439406143722 0.2734796592507539 0.39835486793770597 2.068325896504172 0.2670977537932345 
1737148671.2917058 1.7095982740163802 6.8071535781860355 0.4190786533181773 2.0762420847023253 0.1961568163308245 1.7061545476200342 6.808961070579096 0.39376208487162856 2.0701762909263017 0.2772296033900967 0.3999101760983305 2.0722356656416534 0.27322318432942483 
1737148671.311494 1.7047555456399917 6.815223093414307 0.4190786533181773 2.0834816220120618 0.1961568163308245 1.7021586868659635 6.815198077573381 0.3922563072730235 2.0762847415938825 0.27594952351344915 0.3946038905740384 2.0784649533622486 0.27093285486363594 
1737148671.33155 1.7016683379650115 6.821405764007569 0.4190786533181773 2.082446077814149 0.1961568163308245 1.6981088084757323 6.821519398910754 0.3907301739734903 2.082475768728957 0.2746521390075142 0.39422993040979387 2.085384996407938 0.2775910576013031 
1737148671.3515835 1.6985679278612136 6.826998110198975 0.4073933189114749 2.0869093103160328 0.14991565257696776 1.6940634074831507 6.8278337316261055 0.3892057279111998 2.0886599512905226 0.27335618884250945 0.39482193682297473 2.0920966444815012 0.2785435230079779 
1737148671.3717835 1.6938613811969756 6.835467214965821 0.4073933189114749 2.091840906894552 0.14991565257696776 1.689984401936166 6.834200516579848 0.38766861849842105 2.094895504952187 0.27204947340901753 0.38927124887348064 2.0988135561634365 0.27902212267790216 
1737148671.3915896 1.6905440101861953 6.840591307067871 0.4073933189114749 2.098202867124286 0.14991565257696776 1.6859849303775394 6.840443159559634 0.38616148022462027 2.1010094754371136 0.2707682368058133 0.3902992810544277 2.1049447535272847 0.2775101232088122 
1737148671.411503 1.6858200142621993 6.849134321594239 0.4073933189114749 2.10355414167393 0.14991565257696776 1.6819637939915755 6.846719618452421 0.3846461778996451 2.1071565648261155 0.2694800598432693 0.3844465901472763 2.1116226340811575 0.2775485522504969 
1737148671.431517 1.6826799670696257 6.854450579071045 0.4073933189114749 2.107931410115217 0.14991565257696776 1.677922388956036 6.853027714010485 0.3831232376512379 2.1133346387898184 0.2681853897889872 0.3854751168638664 2.1180563656080142 0.27831034528178433 
1737148671.4515057 1.6796052018642424 6.859881277465821 0.40967648871929835 2.11273465274244 0.19211738390196467 1.6738860390468753 6.85932791918885 0.3816022023481047 2.1195049850092373 0.2668923391518845 0.3863728220827151 2.1245510766247526 0.2787087630341969 
1737148671.4714904 1.6748007396697997 6.868225927734375 0.40967648871929835 2.1176627776096186 0.19211738390196467 1.6698505075867474 6.865626846877166 0.3800814754646825 2.1256740800700578 0.26559955070613456 0.3808392659953064 2.131119124156919 0.2790558972534349 
1737148671.4915004 1.6714630583763121 6.873230333709717 0.40967648871929835 2.125417044681493 0.19211738390196467 1.6658098728561799 6.871933740091658 0.37855882549365044 2.131850976472727 0.2643051274201846 0.3821879884651645 2.137197985102456 0.2760860678411478 
1737148671.511503 1.6663632849693297 6.88136851348877 0.40967648871929835 2.1318720294951863 0.19211738390196467 1.6617707305914957 6.878238303765475 0.37703673793503256 2.138025591350893 0.26301118224787806 0.376709127764992 2.1434495067957733 0.27458865954846506 
1737148671.531602 1.6629599789619445 6.886882658386231 0.40967648871929835 2.1362359710533267 0.19211738390196467 1.6577121381262687 6.884573226614521 0.3755073208726936 2.1442299396451623 0.2617110061751864 0.37723063106723687 2.1497574885153847 0.2752325236372444 
1737148671.5515995 1.6593649546146392 6.892489309692383 0.40360509186713583 2.14171164821166 0.2544774333899405 1.6536740068868603 6.890876212212399 0.37398561430313054 2.1504030089744717 0.26041738488631566 0.37734328081922597 2.1559975051791858 0.2747032418538416 
1737148671.571594 1.6544194678306579 6.900513525390625 0.40360509186713583 2.1491180463808153 0.2544774333899405 1.6496365015202417 6.897178220906123 0.37246414358393476 2.156575121535441 0.2591239640967148 0.3722076646003352 2.1623524638477405 0.27235838156364 
1737148671.5915337 1.6510356525421142 6.905773039245606 0.40360509186713583 2.153952275533304 0.2544774333899405 1.6456100692875952 6.903462945910978 0.3709468456020058 2.16273030665655 0.25783409060188767 0.37305621109243775 2.1684699604953344 0.272351775563918 
1737148671.6115036 1.645899699115753 6.913889761352539 0.40360509186713583 2.1592176890172183 0.2544774333899405 1.6415775227592337 6.909757214517948 0.36942724354341216 2.168894838668365 0.2565422583834246 0.3675625340517913 2.1747408845918703 0.2720654539580766 
1737148671.6316302 1.642224357509613 6.918859358215332 0.40360509186713583 2.1668970016597653 0.2544774333899405 1.63751334558296 6.916100854357902 0.36789572197010384 2.1751077242801284 0.25524029324032527 0.3686686558892957 2.1805030756137187 0.2688463671942787 
1737148671.6515322 1.638752118730545 6.924156542205811 0.39353204635372424 2.1713143531296275 0.31112724001271186 1.633494520111912 6.92237370621997 0.36638129047725393 2.181251280986029 0.2539528565827775 0.3693319098757452 2.186668833031292 0.269307336484442 
1737148671.671503 1.6333858231544494 6.931924696350098 0.39353204635372424 2.178786276123605 0.31112724001271186 1.6294617810073073 6.928668275412833 0.3648616158493165 2.187416107388102 0.25266096267223137 0.3641253679576082 2.1925841361461584 0.2664588226947848 
1737148671.691501 1.630097732925415 6.937449331665039 0.39353204635372424 2.18034078023895 0.31112724001271186 1.6254236016238381 6.934971336157184 0.3633398911374175 2.193589250314976 0.25136732596033995 0.36469578456614743 2.198917360079158 0.2699439058005477 
1737148671.7116194 1.6250032345294951 6.944757814788819 0.39353204635372424 2.1856187750680434 0.31112724001271186 1.62136106134563 6.941312421017044 0.36180898640353126 2.199799633609543 0.2500658851999463 0.3605871019367067 2.2048534847009775 0.2693005948328805 
1737148671.731525 1.621357486629486 6.949624891662598 0.39353204635372424 2.188913957318617 0.31112724001271186 1.6173415137136706 6.947586400076212 0.3602942827756422 2.205944294278913 0.24877821719708718 0.3617033279201325 2.210459498215517 0.270323758093987 
1737148671.751547 1.6177336434364318 6.953843470001221 0.39392010207001416 2.196014255630738 0.2823716719360365 1.613298423636005 6.953897125760844 0.35877070754547696 2.2121249441573774 0.24748300733707868 0.3638932248631386 2.2157011349533766 0.26716988665971747 
1737148671.7717226 1.6131076077461242 6.961523886108399 0.39392010207001416 2.2043956187544627 0.2823716719360365 1.6092243769272776 6.960256170627833 0.3572354667933003 2.218352917269886 0.24617788047472455 0.359764953845599 2.2222743483166316 0.2640566100368935 
1737148671.7916524 1.6098918179512023 6.96617018737793 0.39392010207001416 2.209706978563029 0.2823716719360365 1.604934922961146 6.966096133564943 0.3563148032768692 2.2239671562223227 0.24336203981497415 0.36192594378131554 2.228010162226084 0.2616652234780291 
1737148671.8116148 1.6061698953151702 6.970147009277344 0.39392010207001416 2.214240302835495 0.2823716719360365 1.6003268074619161 6.971426101006916 0.35609351705486353 2.2289578278434297 0.23874606076302887 0.36480581325788164 2.2328572780308686 0.2573630359584024 
1737148671.831592 1.6012090603351592 6.977411623382569 0.39392010207001416 2.220035800332815 0.2823716719360365 1.5957152246485686 6.9767600789107265 0.3558720643290361 2.2339522546278285 0.23412660848014208 0.36132186068716093 2.2387557612324307 0.2528465693797579 
1737148671.8515325 1.5977468649387359 6.982041235351563 0.3778086519630606 2.223367714134385 0.22674902679368486 1.5911121725286852 6.982084189805251 0.35565102125546855 2.2389374425184134 0.22951570144798442 0.36352384757620704 2.244423184448042 0.25057117176164134 
1737148671.8717806 1.5922668437004088 6.988501902008057 0.3778086519630606 2.2332681317746563 0.22674902679368486 1.586438067987754 6.98749048333841 0.35542656617501434 2.2439995814536053 0.22483362074685032 0.36082880687194163 2.249491952959841 0.24105744193203515 
1737148671.8916132 1.5887546698093413 6.993564958953858 0.3778086519630606 2.2356847045507866 0.22674902679368486 1.5818598924707474 6.992785820760695 0.35520671770029477 2.248957827537713 0.2202476327684319 0.3622717920051901 2.2551597810058643 0.23972270922350963 
1737148671.9117594 1.583489940547943 7.000501985931397 0.3778086519630606 2.2433003636871116 0.22674902679368486 1.577209343651124 6.9981648686166 0.3549833937886612 2.2539944552048246 0.21558914798544027 0.3590723859633193 2.2607134519361165 0.23300223623444516 
1737148671.9316866 1.58005483546257 7.005182619476319 0.3778086519630606 2.247460988207725 0.22674902679368486 1.5726093185515022 7.003485478314281 0.3547624960755729 2.2589763647782495 0.21098127313902523 0.3612562890898474 2.266206195689637 0.2297264806209369 
1737148671.9519534 1.576481358194351 7.0096119598388675 0.3778086519630606 2.253940619669594 0.22674902679368486 1.5679309211454728 7.008896737181146 0.3545378348475298 2.264043152963232 0.2062948922472016 0.3638738101953031 2.2714900006828445 0.22384427326045214 
1737148671.971534 1.570820228242874 7.016498442077637 0.3778086519630606 2.260691409620508 0.22674902679368486 1.5634109194542196 7.014124787965912 0.3543207799369305 2.2689383957521034 0.2017671773656911 0.35991487751709306 2.276562832264955 0.21763860001013785 
1737148671.9915028 1.5671425322532653 7.021064157867432 0.3778086519630606 2.2644268462836132 0.22674902679368486 1.558801317963225 7.019456474177243 0.3540994223561441 2.273930676728907 0.19714970978619947 0.36201666036794333 2.281767696153148 0.21449055965573413 
1737148672.0114906 1.5613606730937957 7.028002615356446 0.3747128269287483 2.2710653954981157 0.2688577307001948 1.5541873135336683 7.024793253038529 0.3538778533419333 2.278927726167034 0.19252783175471858 0.35811073598344145 2.2869722725606896 0.20843470881729245 
1737148672.0316076 1.557412550830841 7.032565470123291 0.3747128269287483 2.2759746430663172 0.2688577307001948 1.5495434791953524 7.030164534603254 0.353654851866272 2.283957081930627 0.18787607291101055 0.3599860977795545 2.2919866528004267 0.20388808264511998 
1737148672.051538 1.5534417788028716 7.037085409545899 0.37557517651292693 2.2775077095918626 0.24201844829186372 1.5449427386182142 7.035485971856553 0.35343391979525224 2.288939766379017 0.18326748136614723 0.3617702749850694 2.296876685440251 0.2026364572145356 
1737148672.0716426 1.5475759665012359 7.043927069091797 0.37557517651292693 2.2851883767475587 0.24201844829186372 1.5403017661899638 7.040853943198807 0.3532110557513168 2.29396602264275 0.1786185893162322 0.3579795820566055 2.3019400119019684 0.1953702244706419 
1737148672.0915794 1.5435866574287413 7.048467035675049 0.37557517651292693 2.2880096393337914 0.24201844829186372 1.5356995396210609 7.046177099221466 0.3529900523215163 2.2989503164468372 0.17400850924382255 0.35971489506899673 2.3068430215329236 0.19284189144295477 
1737148672.1117485 1.5379216233730315 7.055314417266846 0.37557517651292693 2.294448882999014 0.24201844829186372 1.5310437072751628 7.051562258257316 0.3527664746897734 2.3039926662675367 0.16934473191844382 0.35621487705857213 2.312109835342128 0.18700568426155775 
1737148672.131855 1.5339365760326384 7.059908743286133 0.37557517651292693 2.297689353234946 0.24201844829186372 1.5264022945530562 7.056930738864566 0.35254358950249554 2.309019399377402 0.16469539882332987 0.35799178068202747 2.3170889481086947 0.18409499369707874 
1737148672.151568 1.5301712314128875 7.064589853668213 0.3761052775436671 2.3048855847897185 0.18260584285854733 1.5218517474755275 7.062194119908388 0.35232506777251427 2.313947723366705 0.160137086431144 0.35966824013057774 2.322186666220515 0.17743816786194055 
1737148672.1715486 1.5238994220733642 7.071262712860108 0.3761052775436671 2.306960224646041 0.18260584285854733 1.5172393941479316 7.067528989025941 0.3521035780458376 2.3189429846318355 0.15551686231915907 0.3555120427624232 2.3268357777018465 0.17539241537496453 
1737148672.191613 1.5202087620735167 7.075829859161377 0.3761052775436671 2.3126605404000737 0.18260584285854733 1.5126077229273938 7.072886202145168 0.35188116065501124 2.3239591675210227 0.1508772873490713 0.3576781529989941 2.3319976943109113 0.17021444125990887 
1737148672.2117267 1.514379457616806 7.08254563369751 0.3761052775436671 2.3185024029387544 0.18260584285854733 1.5079646591033262 7.0782565924961505 0.3516581961801992 2.3289876888038847 0.14622630033446138 0.35412176195271156 2.3370776376612454 0.1648015350569524 
1737148672.2316055 1.5105681876182555 7.0870383934021 0.3761052775436671 2.3224998958033813 0.18260584285854733 1.5033758064603062 7.083564279594573 0.35143783497942543 2.3339574984067015 0.14162961700996907 0.3561131557358663 2.3420390459756613 0.16116876718224898 
1737148672.251875 1.506371245765686 7.090916033172608 0.3797392869948502 2.3258275067848686 0.2123298412640703 1.4986968036502244 7.088976238700807 0.3512131446792865 2.3390249422551155 0.1369426296809969 0.3586941092599299 2.346258104145202 0.15737322704133028 
1737148672.2716153 1.5002402523994445 7.09749924697876 0.3797392869948502 2.332847902186446 0.2123298412640703 1.4941399273485125 7.094246940428938 0.3509943190137576 2.343960120907571 0.1323779772640765 0.354666402464985 2.3509515953025937 0.15048167038022406 
1737148672.291614 1.4960377673149108 7.1022561744689945 0.3797392869948502 2.333235687697688 0.2123298412640703 1.489333295855604 7.099342353016392 0.3507730383684994 2.347883189746315 0.1275430818394651 0.3557576778300684 2.3550703155393715 0.14937770968114877 
1737148672.3114984 1.489776537799835 7.1089724258422855 0.3797392869948502 2.3397912377263754 0.2123298412640703 1.4843290688589277 7.104119326909097 0.3505535094110577 2.350508811178359 0.12248661260893347 0.351273310187905 2.3581832662133984 0.14087864109595638 
1737148672.331615 1.4856425384521483 7.11349045791626 0.3797392869948502 2.3420409456862554 0.2123298412640703 1.479266399911978 7.108952088772828 0.3503314166809448 2.3531650959750494 0.1173710913163098 0.3527558818421193 2.3612985218988474 0.13662866752890174 
1737148672.3516076 1.4816475669384002 7.117588873291016 0.3797392869948502 2.3467246673287727 0.2123298412640703 1.479535350217394 7.118420867486431 0.37891850966032364 2.3416146645759026 0.025332782455256123 0.3828485176372401 2.34260008777841 0.021208202904893295 
1737148672.3715842 1.4754304746627807 7.124003763580323 0.3797392869948502 2.349434704986339 0.2123298412640703 1.4741777410013372 7.123702958085599 0.37868304582466267 2.3440415288911063 -0.0016943052639073891 0.37993648654352274 2.3452071881998315 -0.005921822050414957 
1737148672.3916762 1.4712318638801574 7.128103132629395 0.3797392869948502 2.3523594320282464 0.2123298412640703 1.4687891836440123 7.129015560593991 0.37844622183603877 2.346482411947998 -0.028877514509495605 0.38293356256631644 2.3476464115966578 -0.033590534941084216 
1737148672.411685 1.4670714298725127 7.132250662231446 0.38043653994055693 2.3544433211229467 0.19990034400817677 1.4634229421984695 7.134306161746352 0.3782103786188696 2.348913186449416 -0.05594814852218666 0.3858577985820874 2.3501283693319954 -0.060263100313137974 
1737148672.4315486 1.4609361449718474 7.138410444641114 0.38043653994055693 2.358611037861878 0.19990034400817677 1.4580956416992743 7.139558370847644 0.3779762468338377 2.3513263216663547 -0.08282234036629785 0.3833234378796859 2.3525991197650726 -0.08883425846310308 
1737148672.4515302 1.457012102985382 7.1424454406738285 0.3590978523852781 2.3607212653052327 0.1782801812083191 1.452736689691964 7.144841785310643 0.37774072398327546 2.353753794232747 -0.10985620195334342 0.38669784427452153 2.35524665925956 -0.11533080799901615 
1737148672.4715493 1.4509912590026854 7.1486839012146 0.3590978523852781 2.361906667809167 0.1782801812083191 1.4473676987214739 7.150135097231798 0.37750475992607024 2.3561858142008854 -0.13694070626693586 0.3843225727592845 2.3578969056214962 -0.14095046845460654 
1737148672.4915357 1.4469765285491942 7.152914877319336 0.3590978523852781 2.36280643799197 0.1782801812083191 1.442007467865351 7.155419772517492 0.37726918087084016 2.3586138660541245 -0.16398101915672622 0.3873183540567014 2.3605405105754373 -0.16624694657325909 
1737148672.5114975 1.4401698271274566 7.159437055969239 0.3590978523852781 2.362814789836746 0.1782801812083191 1.4366538230806136 7.160697954566306 0.3770338912696497 2.3610389345801033 -0.19098810783738077 0.3834662656513997 2.3627969140315788 -0.19100598364254798 
1737148672.5315304 1.4359902004241942 7.163617010498047 0.3590978523852781 2.366195070762702 0.1782801812083191 1.4312811234485665 7.165994922873277 0.37679776421890765 2.3634726344800967 -0.2180913209289332 0.3863416617155246 2.365268094472353 -0.21901829721928243 
1737148672.551483 1.4315216104030608 7.168088312530518 0.40449240816072124 2.3664207865631677 -0.02882357065261649 1.425929972419014 7.1712706463178355 0.37656258421681954 2.365896573396725 -0.24508582956923533 0.38838128843023645 2.3675216833718187 -0.24398493276058433 
1737148672.571526 1.4252989748954772 7.1747916893005375 0.40449240816072124 2.3684728827059756 -0.02882357065261649 1.4205545232620194 7.176570325393602 0.3763263363260415 2.368331518763439 -0.2722029129616891 0.38513783773014404 2.3703498608627798 -0.27032593480488487 
1737148672.5915914 1.4209214309692382 7.178991670989991 0.40449240816072124 2.367740314155072 -0.02882357065261649 1.4151731274580457 7.1818758672949 0.3760898270835578 2.370769157813989 -0.2993499949119064 0.3877424106570989 2.372683705587464 -0.29440660347951464 
1737148672.6116064 1.4166111210823058 7.183180208587647 0.40449240816072124 2.3694428633096174 -0.02882357065261649 1.4098052235090464 7.187168107516765 0.3758539108003204 2.373200685388308 -0.32642901561816573 0.39041758993062803 2.3750425438834672 -0.3208293350443159 
1737148672.6316128 1.4101659516334533 7.18976580657959 0.40449240816072124 2.3689708603729915 -0.02882357065261649 1.40443962148791 7.192458078257778 0.3756180956854851 2.3756311702463027 -0.35349642397948433 0.3870053466573307 2.377637931263435 -0.34482935308904106 
1737148672.6515667 1.4056731323242186 7.193903322601319 0.40522996680545076 2.3654590085850007 -0.05407925686373857 1.3990880868037137 7.197734179949144 0.37538289882199666 2.378055282948985 -0.3804928680106099 0.3894531185850641 2.3798182746148964 -0.3661336019807142 
1737148672.6715667 1.39909558095932 7.200796003723145 0.40522996680545076 2.364968500986854 -0.05407925686373857 1.3937242112284745 7.203022448579519 0.37514715958346306 2.3804849857697366 -0.40755156711322305 0.38545321584756703 2.3825506293267846 -0.3899694387732924 
1737148672.6915236 1.3949991921424865 7.2051705078125 0.40522996680545076 2.3670719832116656 -0.05407925686373857 1.3883719092349904 7.208299306764503 0.37491192899717385 2.382909446044527 -0.4345518819259955 0.38813846849088846 2.3851685499240083 -0.41645531521365275 
1737148672.7120671 1.3882585028648375 7.211901541137696 0.40522996680545076 2.360090734438262 -0.05407925686373857 1.3828622448950998 7.213731309182128 0.37466978242650073 2.3854051875657927 -0.4623460295415185 0.38451061950028514 2.3877461557008974 -0.43469060827888284 
1737148672.7315369 1.3838006118774413 7.216307993316651 0.40522996680545076 2.3581856465910502 -0.05407925686373857 1.3776405773078362 7.218879374328799 0.3744402931470366 2.387770473689201 -0.4886873437789073 0.3863121443585755 2.390081628613046 -0.4567913617569116 
1737148672.7515547 1.3797957757949828 7.221085424804688 0.396478165709101 2.3570338729451565 -0.05882787566124872 1.3722719060495492 7.224172371044281 0.3742043431409984 2.390202348835628 -0.5157702352668135 0.3886464967746326 2.3931083806633056 -0.4796957275486645 
1737148672.7716396 1.372980223083496 7.227640505218506 0.396478165709101 2.351193452123371 -0.05882787566124872 1.3668852669654434 7.22948308231863 0.3739676034593763 2.3926423629622495 -0.5429437675582844 0.3848234713708188 2.3954675944340313 -0.49866962524762415 
1737148672.791793 1.3686165670394896 7.232577200317383 0.396478165709101 2.346771856842115 -0.05882787566124872 1.3621760276915051 7.234709090384194 0.3720197864491536 2.386444546936116 -0.5625701501565439 0.38369748639893153 2.389331905782866 -0.5200101012157929 
1737148672.8114903 1.361804948234558 7.239684458160401 0.396478165709101 2.342461734063231 -0.05882787566124872 1.358289959470076 7.239710843972545 0.3683548643411887 2.3714833644052296 -0.573884524180537 0.37318177714668066 2.3739331717510463 -0.5424130864927219 
1737148672.8315637 1.3573834160804747 7.2446888641357425 0.396478165709101 2.3401696612002296 -0.05882787566124872 1.3543296657275197 7.2448081331370835 0.3646199406949458 2.3562364170584025 -0.5854150074595154 0.3688825164102947 2.358329742482198 -0.5672549261775471 
1737148672.851552 1.3526964644432067 7.249626036071778 0.4048766489017587 2.339366727220546 -0.18181923010194878 1.35038616445077 7.2498838087397095 0.36090085389861754 2.341054119926589 -0.5968965991009589 0.3643089175005353 2.3425149905096228 -0.5937483358118822 
1737148672.871549 1.3460765341758727 7.257290716552735 0.4048766489017587 2.3337026281108306 -0.18181923010194878 1.3527932857144032 7.255246123878028 0.380673928461906 2.284375908462072 -0.5625104046224889 0.3693975351761969 2.2806812224341857 -0.6155318102991338 
1737148672.8915179 1.341518984222412 7.2619618133544925 0.4048766489017587 2.325653296418586 -0.18181923010194878 1.3487691004317568 7.260878740394284 0.37714649870470285 2.2699282612950835 -0.5652697007478582 0.36672254061557025 2.265134510387623 -0.6257884867788213 
1737148672.9115222 1.3352513770103454 7.268901701354981 0.4048766489017587 2.315089057604514 -0.18181923010194878 1.3447378042624654 7.266521309955627 0.37361283584653904 2.255455084592531 -0.5680338726531902 0.3587371819853766 2.2496823906619343 -0.6334405395957698 
1737148672.931611 1.3313613394737243 7.273667688751221 0.4048766489017587 2.3073486339944322 -0.18181923010194878 1.3406894515745327 7.272187753375121 0.3700642219691789 2.2409206715039973 -0.5708097398415407 0.35688184873615614 2.2346060492844457 -0.6435523245515272 
1737148672.951494 1.3275344232559203 7.2783778861999515 0.4044577158864332 2.2995062784907225 -0.39372195599104415 1.336682611089716 7.277796092531397 0.36655199592445425 2.226535295704162 -0.5735571430171361 0.3551080687185698 2.219715320871512 -0.6533481006363467 
1737148672.971582 1.3218157152175902 7.285544271850586 0.4044577158864332 2.2833173006013525 -0.39372195599104415 1.3326344505879089 7.283462266949673 0.3630035505092822 2.212001572603076 -0.5763328784276498 0.34757720261402536 2.20465904051322 -0.6549911385157825 
1737148672.9915268 1.318300412082672 7.290542478942871 0.4044577158864332 2.2761482860836053 -0.39372195599104415 1.3286151180049321 7.2890880911851585 0.3594803744223293 2.197571347619142 -0.5790888471626391 0.34578976320021504 2.1901530865126015 -0.6650840467336429 
1737148673.011524 1.312851295852661 7.297865267181397 0.4044577158864332 2.2610669458175163 -0.39372195599104415 1.3245852632315824 7.294728643237362 0.3559479750305764 2.183103345822447 -0.5818520307341948 0.3383109008190692 2.1753900659839465 -0.6675289105677646 
1737148673.031504 1.3094592551231383 7.30280291595459 0.4044577158864332 2.251543836199109 -0.39372195599104415 1.3205588678084925 7.300364353267631 0.3524186079582098 2.1686477637998105 -0.5846128423046876 0.33677243705005794 2.1609321421408887 -0.6752245363629078 
1737148673.0516043 1.3057224611282348 7.3074821189880375 0.3780633277382445 2.237558905831923 -0.5657106975305098 1.3165082088870532 7.306034024701749 0.3488679725345921 2.1541050708619043 -0.58739029082708 0.33533155631253486 2.14542454794073 -0.6795246487182733 
1737148673.0715282 1.3006983260154723 7.3142689422607425 0.3780633277382445 2.219752961562464 -0.5657106975305098 1.3124931043988384 7.311653930910425 0.345348502615778 2.1396900256018188 -0.5901433604496591 0.32914229965939634 2.1306670590799666 -0.6792292629321566 
1737148673.0916505 1.2975786189079284 7.318973894500733 0.3780633277382445 2.2084889398722383 -0.5657106975305098 1.3084380251965118 7.31732978937257 0.34179399256183335 2.125131462952616 -0.5929238398622987 0.3283242207208546 2.11627836718728 -0.6851344125472569 
1737148673.1118279 1.293251858139038 7.326092596435547 0.3780633277382445 2.193873888970324 -0.5657106975305098 1.3043718472454353 7.323021182655089 0.33822975381652437 2.1105330535283096 -0.5957119294450152 0.3224208234552289 2.102110552360611 -0.687475266054728 
1737148673.1316807 1.2903464297294616 7.33073842086792 0.3780633277382445 2.1818537314141153 -0.5657106975305098 1.3003710606235732 7.328621048272979 0.33472283433072575 2.0961694123330767 -0.5984551816187504 0.3217375441452964 2.0881172425180345 -0.6921916705148312 
1737148673.1516018 1.287531779193878 7.335459108734131 0.3565554372659218 2.169287845518467 -0.70898902402794 1.2963565326937352 7.334240147478 0.33120386979847605 2.0817564370353345 -0.601207855907819 0.32102345254850967 2.073789793826624 -0.6967059075996619 
1737148673.1717336 1.2831743816375731 7.341989393615723 0.3565554372659218 2.148943134004333 -0.70898902402794 1.292299531630153 7.339918695952331 0.32764767512265014 2.0671909745116546 -0.6039896530988269 0.31597006736996147 2.059296034149436 -0.693636752953724 
1737148673.1918483 1.280562923336029 7.3465589241027835 0.3565554372659218 2.136723626089242 -0.70898902402794 1.2882459899168308 7.345592402404727 0.32409451276621054 2.052637931762033 -0.6067690782887718 0.3157320515524372 2.0455026709254174 -0.6979900334525966 
1737148673.2115147 1.2768638590812682 7.353486891174317 0.3565554372659218 2.1188067382585483 -0.70898902402794 1.2842827756825115 7.351139678284381 0.3206205276381909 2.038409183112822 -0.6094865678954069 0.3103191292580415 2.032166812068844 -0.6961264940851113 
1737148673.2316122 1.274383769416809 7.357798929595948 0.3565554372659218 2.1084265083539155 -0.70898902402794 1.2802326933194488 7.356808542714843 0.31707039760113753 2.0238685601372586 -0.6122636210842889 0.3105374700168706 2.0184553916003005 -0.7022347378379039 
1737148673.2515798 1.2720646122932433 7.362404699707032 0.3417363798705627 2.096620484874626 -0.7245482132081683 1.2762087963159907 7.362440755729271 0.3135432205372166 2.009421947951442 -0.615022719542903 0.3102736798157395 2.005012504298561 -0.706630700118968 
1737148673.2716167 1.2686803201675414 7.369091864013672 0.3417363798705627 2.0800023964448124 -0.7245482132081683 1.2721709177718996 7.368092538582351 0.3100037878491094 1.9949251391788065 -0.6177914048391463 0.30556012868992954 1.9916827998967102 -0.7061110013872486 
1737148673.2916136 1.2663768390655517 7.373793001556397 0.3417363798705627 2.0663682895810997 -0.7245482132081683 1.269272891293377 7.373952078368106 0.3085877201700492 1.9817766541701505 -0.6156765699121531 0.30667337409702095 1.9785947393125705 -0.7034501201806824 
1737148673.3114946 1.2632968286514281 7.380775804901123 0.3417363798705627 2.047343109953512 -0.7245482132081683 1.2676267142745874 7.380016709281574 0.3094892621022752 1.9701440941938635 -0.6082508801860983 0.3049752340576507 1.9658202759681096 -0.6897737141715009 
1737148673.3315847 1.261335001373291 7.385436888122559 0.3417363798705627 2.034995090986047 -0.7245482132081683 1.261565481667224 7.387619709090062 0.3430752930207555 2.046577863133468 -0.5568520941727837 0.34656121404222145 2.04516778680899 -0.5466793983498406 
1737148673.3515453 1.259684906387329 7.390159483337403 0.3417363798705627 2.0226357265154937 -0.7245482132081683 1.259114385037186 7.394060647596701 0.3436152500342002 2.0356779352024232 -0.5553180669474078 0.3507262050625203 2.0342277147380674 -0.5437260787248341 
1737148673.3718054 1.257049248600006 7.397275324249268 0.3417363798705627 2.0039574186912983 -0.7245482132081683 1.2566265165414596 7.400598214413612 0.3441633075960005 2.0246144842666194 -0.5537610259238801 0.3501885793597472 2.023354082554629 -0.5343643620605496 
1737148673.3916638 1.255371556663513 7.402387495422364 0.3417363798705627 1.9896195952109923 -0.7245482132081683 1.2541879797286037 7.407006148505356 0.3447004977820211 2.0137704093364035 -0.5522348593031278 0.35359024556546026 2.0127048554443374 -0.5291495990697827 
1737148673.4116414 1.2529138187408446 7.409529085540772 0.32057675062902957 1.9725024026582192 -0.7117444289872723 1.2517348044341838 7.413452549281127 0.3452409127086292 2.0028612376686246 -0.5506995311385251 0.352944934847694 2.0021471852310233 -0.521054748565721 
1737148673.431567 1.2511377195358275 7.4144462303161625 0.32057675062902957 1.9607560667583452 -0.7117444289872723 1.2492880115177258 7.419882178582662 0.34577992164834115 1.9919804481784233 -0.5491681974070413 0.3566371419857361 1.9913136663950415 -0.518610597770345 
1737148673.4515915 1.2496571997642516 7.419504995727539 0.3470047742749868 1.9498370696787348 -0.636109550456282 1.24682906866157 7.426343735231938 0.3463216071227407 1.9810456283960445 -0.5476292595941616 0.3603733109628382 1.9808910575212364 -0.5165752717516601 
1737148673.471616 1.247158632659912 7.427195902252198 0.3470047742749868 1.93639416707302 -0.636109550456282 1.2443701258054138 7.432805291881214 0.3468632925971402 1.9701108086136658 -0.546090321781282 0.3587357609287437 1.970558377972268 -0.5119261108820341 
1737148673.4916089 1.2457252005577086 7.433603163146973 0.3470047742749868 1.921016485189821 -0.636109550456282 1.2419150767853537 7.439256616392539 0.34740412029054346 1.9591933045634788 -0.5445538209390666 0.36007791632754993 1.9607902183746442 -0.5047800877542434 
1737148673.5115352 1.2433503726959227 7.440797682189942 0.3470047742749868 1.910809528387005 -0.636109550456282 1.2394681960380065 7.445686476494179 0.34794314857869896 1.948312124492852 -0.5430224322383196 0.3592887281311799 1.9503947860268047 -0.5034371745985199 
1737148673.531605 1.2416944960594176 7.446382875823975 0.3470047742749868 1.9007157144043907 -0.636109550456282 1.237003690558856 7.452162650483385 0.3484860594545217 1.9373525679501993 -0.5414800130387769 0.3619233447173629 1.9400126929874257 -0.5021830344557419 
1737148673.5515697 1.2400628189086913 7.452282305145264 0.3470047742749868 1.8874479177150718 -0.636109550456282 1.234552096220445 7.45860489685728 0.34902612610914635 1.926450426730077 -0.5399456743209101 0.36392175359894624 1.929867434467396 -0.49752615756858587 
1737148673.5718844 1.237858996772766 7.4608730033874515 0.3470047742749868 1.8742526970104336 -0.636109550456282 1.2320575233001623 7.465160081415475 0.34957566060213574 1.9153571614884697 -0.5383844373102991 0.3609560485186693 1.9199822888479199 -0.4926548454728128 
1737148673.591833 1.236526296520233 7.4668215469360355 0.3470047742749868 1.8632231865271691 -0.636109550456282 1.229607890518281 7.471597173253711 0.3501152951415216 1.904463743231181 -0.5368513262393082 0.3629827135905166 1.9101959036399863 -0.48987860912649106 
1737148673.6115947 1.2346169213294982 7.475262995147705 0.37168923052488634 1.8528691359751526 -0.572790939757001 1.227181240152455 7.477973872398026 0.3506498668381852 1.8936725268518664 -0.5353325987921622 0.3600092699142855 1.9003353129996219 -0.4878664217676929 
1737148673.6315966 1.2331366399765014 7.481101866149903 0.37168923052488634 1.8428050440534927 -0.572790939757001 1.2247250786077961 7.484428120377338 0.35119093961187314 1.8827500754496247 -0.5337954016726142 0.36210225131887785 1.8902666371067354 -0.4863338086193715 
1737148673.6517878 1.2317209104537963 7.487160082244873 0.3793102125608164 1.8315731577651682 -0.5164856270782965 1.2222456711544136 7.490943453450882 0.35173713327361394 1.8717242504281326 -0.532243656021432 0.3639288650101057 1.880084519819703 -0.4837322939668972 
1737148673.6716645 1.2297885278701781 7.49613320388794 0.3793102125608164 1.817240030458282 -0.5164856270782965 1.2198048800153969 7.4973573114119665 0.352274820069685 1.860870150600332 -0.5307160785229267 0.3599217245108492 1.8705889984211341 -0.47736711056007464 
1737148673.6916432 1.2284112433433532 7.50193678894043 0.3793102125608164 1.8118800908265864 -0.5164856270782965 1.2173515583361614 7.5038040968545765 0.352815267243699 1.8499603279651775 -0.5291806587428856 0.362009416814494 1.8606287434866076 -0.4804320060828644 
1737148673.7117863 1.2267024377822875 7.510698194885254 0.3793102125608164 1.7950280820298814 -0.5164856270782965 1.2148780648293307 7.5103038893877745 0.3533601581102424 1.838960802025661 -0.5276326143554187 0.35858542479556726 1.8510940558936506 -0.47156664049164954 
1737148673.7315292 1.2256434420585631 7.516462679290772 0.3793102125608164 1.7860517649809113 -0.5164856270782965 1.212453698066629 7.516674587729382 0.3538942267473744 1.8281797407374063 -0.5261153161091136 0.3606567642116915 1.8415730676263127 -0.4705940134637122 
1737148673.7516851 1.224696085834503 7.522349234008789 0.38290069761397383 1.778732906001417 -0.5318704286489524 1.2099786236037893 7.523178534664455 0.3544394658859013 1.8171731843502328 -0.5245662822749109 0.3627813795356396 1.8318712592756252 -0.47142792900070263 
1737148673.7716537 1.2231985191345214 7.531038637542725 0.38290069761397383 1.7651922136963558 -0.5318704286489524 1.2075265608339683 7.529622011972239 0.35497963573222474 1.8062689600345088 -0.523031650387641 0.35930565795665015 1.8225328190418417 -0.4656910450421551 
1737148673.791876 1.2224103073120116 7.536552782440186 0.38290069761397383 1.760485028652823 -0.5318704286489524 1.2059068386074079 7.53642891351979 0.3552989043493054 1.7954275034702016 -0.5202016279653354 0.36204992359845384 1.8122620613228557 -0.4684245952953028 
1737148673.8116689 1.221354053401947 7.545259828948975 0.38290069761397383 1.7463325159433982 -0.5318704286489524 1.2052225987475587 7.543384931707152 0.355373715451915 1.7850265590331353 -0.5161003716988588 0.35840656829856365 1.80190796373636 -0.46052492390589705 
1737148673.831552 1.220440075778961 7.550819273376465 0.38290069761397383 1.7388960899693875 -0.5318704286489524 1.2045352351069551 7.550372706412974 0.35544886809189513 1.7745781308524786 -0.5119803918441412 0.36073017299283305 1.7909423912706848 -0.45993409054284395 
1737148673.8515985 1.2198251346588134 7.557775373840332 0.3775847538157067 1.7222271320262088 -0.4997962966666037 1.20384222558293 7.557417877464826 0.35552463802237344 1.7640438811299766 -0.507826571203289 0.36068551564886325 1.780731623296566 -0.44932207993293183 
1737148673.8716266 1.218632684135437 7.5652335838317875 0.3775847538157067 1.716696866141612 -0.4997962966666037 1.2204246816225748 7.567774704612136 0.38367094023572124 1.721412442883308 -0.4654899968440906 0.38793348186108434 1.7191316362342817 -0.4630552267514209 
1737148673.8916142 1.2182165245056151 7.571083898925782 0.3775847538157067 1.707935485797979 -0.4997962966666037 1.2198747913411674 7.57539451251604 0.3838428935660724 1.7117082446955456 -0.46087749916272075 0.3915093222691002 1.7093276029567466 -0.4594853820039531 
1737148673.9115021 1.2174889902114867 7.579707022094727 0.3775847538157067 1.6948255392698515 -0.4997962966666037 1.2193276428368147 7.582976327723617 0.38401398952957855 1.7020524320654624 -0.45628799959704164 0.38971487035404345 1.6996681006066487 -0.45144543826024436 
1737148673.931567 1.2172686914443969 7.585884447479248 0.3775847538157067 1.6832696596888952 -0.4997962966666037 1.218775627350226 7.590625584511754 0.38418660742179045 1.6923107292827524 -0.4516576756250407 0.39278093037726125 1.690117292805921 -0.444810042508015 
1737148673.9515648 1.2170315245628356 7.591677542114258 0.3816902139778801 1.6751031085255526 -0.5298938639784102 1.2182254550199827 7.598249300755231 0.38435864895016636 1.682601553633315 -0.4470428121088032 0.3965135892322011 1.6805897646104826 -0.44155615602387316 
1737148673.9715075 1.2166561345100402 7.600931520843506 0.3816902139778801 1.6609843378215836 -0.5298938639784102 1.2176767978823224 7.60585202103495 0.384530216670549 1.6729191173710158 -0.4424406580775526 0.3936321120841568 1.6713293813800596 -0.43209561451907663 
1737148673.9915783 1.216448114299774 7.607064600372315 0.3816902139778801 1.6536952534019456 -0.5298938639784102 1.2171246184138522 7.6135035501135375 0.38470288584068224 1.663174520715239 -0.4378089586201635 0.39676561440860947 1.661846122210445 -0.42965808981166403 
1737148674.0115066 1.216105804824829 7.616468782806397 0.3816902139778801 1.6406633090714136 -0.5298938639784102 1.2165763613919822 7.621100726004558 0.38487432844293673 1.6534991455032233 -0.43321016077326013 0.39357036714051397 1.6526067084440024 -0.4212667614006713 
1737148674.0315027 1.2159955958366393 7.622676248931885 0.3816902139778801 1.632221923759617 -0.5298938639784102 1.2160262349766657 7.628723806006709 0.38504635561349465 1.6437907801382445 -0.4285956823929313 0.3965011040985975 1.6432965534474624 -0.4175210527050858 
1737148674.0515466 1.2158639887809752 7.629103536987305 0.3816902139778801 1.624876986756954 -0.5298938639784102 1.2154747967062989 7.6363650643324625 0.3852187930074234 1.6340592637887301 -0.4239702001294968 0.39903426228039646 1.6339852082768869 -0.41486197860956386 
1737148674.0716307 1.2156767705917357 7.638513918304444 0.3816902139778801 1.614721149898918 -0.5298938639784102 1.2149222499184147 7.644021683341658 0.3853915770401005 1.6243081848572833 -0.41933541958483816 0.395917544849081 1.6247890465476442 -0.40926752293611196 
1737148674.0915596 1.2156965593338012 7.645212049865723 0.3816902139778801 1.6052086179240737 -0.5298938639784102 1.2143739732187189 7.651619131907532 0.38556302579570556 1.6146324623804995 -0.4147364566796882 0.39783436347441414 1.6157229209230763 -0.40422215368068554 
1737148674.111615 1.2156788567543029 7.654738779449463 0.41529038361986687 1.592944873280778 -0.44328250743123504 1.2138222201031401 7.659264753030949 0.38573556164324335 1.6048953897946967 -0.4101083334843084 0.3944495550952601 1.6065340063865559 -0.3965192003785306 
1737148674.1316037 1.2156253913879393 7.661132212066651 0.41529038361986687 1.5824988704458451 -0.44328250743123504 1.2132722970253564 7.666885015392943 0.38590752522917876 1.5951906128323208 -0.40549556070586096 0.39694276374659954 1.5973212369781302 -0.3906731941735759 
1737148674.151763 1.2158508757591246 7.667668218994141 0.4148342228397242 1.5736065243718595 -0.4710529504807767 1.212717684065768 7.674570265261811 0.38608095536366493 1.5854030711002305 -0.400843449045311 0.3992794777255372 1.5883266832896974 -0.38612329012747315 
1737148674.1718678 1.2164045433044433 7.6773694709777835 0.4148342228397242 1.5624763721784762 -0.4710529504807767 1.2121645666209369 7.682234791841773 0.3862539178435084 1.5756419214905106 -0.3962038818115014 0.39553615019326954 1.5797074765132395 -0.37897277747673813 
1737148674.1917026 1.2168894866943358 7.684119100952149 0.4148342228397242 1.5537688084013082 -0.4710529504807767 1.2116188808349655 7.689796338218534 0.38642455640795603 1.5660119222081845 -0.391626651575485 0.3971624673656952 1.571120142563532 -0.3742753174132612 
1737148674.2119718 1.2172889570236205 7.694002027893067 0.4148342228397242 1.5418875748172605 -0.4710529504807767 1.2110612440494863 7.697523489123303 0.386598932107312 1.5561710174567398 -0.3869491759643766 0.39311527803658364 1.5622249739601275 -0.3666117768215096 
1737148674.2316732 1.2178013781547545 7.700718279266358 0.4148342228397242 1.5339960054103452 -0.4710529504807767 1.2105192248983803 7.7050342270856 0.38676842409743817 1.5466057251761907 -0.38240270158164036 0.3946310298583532 1.5537259603446976 -0.362672746647288 
1737148674.2517703 1.218119190120697 7.7071236328125 0.4124027906016991 1.5265386329796433 -0.45335622579900364 1.2099663239096325 7.7126957542421675 0.3869413188904254 1.5368483954789192 -0.37776494998854315 0.39699594764552715 1.544934773997333 -0.35936880897085355 
1737148674.2718382 1.2187987426757811 7.71676194229126 0.4124027906016991 1.5172295434005991 -0.45335622579900364 1.2094142231524654 7.7203461926213395 0.38711396344715643 1.5271051878822144 -0.3731339107641404 0.39313845555891036 1.5363503652830677 -0.3540130888816718 
1737148674.2918406 1.2192948917388915 7.72318398513794 0.4124027906016991 1.5089712630498073 -0.45335622579900364 1.2096634786565326 7.727933317568414 0.38703514506425696 1.518410845716272 -0.3698604640801009 0.39508793968881273 1.5279806953456532 -0.3508510317842551 
1737148674.3115025 1.2201228002548217 7.732628221893311 0.4124027906016991 1.4999768585443756 -0.45335622579900364 1.210731250704732 7.735351871094365 0.3866994871359403 1.5109110423739271 -0.36802416158531115 0.39079694806381016 1.5201616600349523 -0.3478393600947344 
1737148674.3315268 1.2207780937194823 7.738990660095215 0.4124027906016991 1.4946896890826928 -0.45335622579900364 1.2118187032776593 7.742907158885237 0.3863576425649133 1.503273007219481 -0.3661540134801988 0.3926332359654766 1.5121992156251844 -0.3486444869377072 
1737148674.3515594 1.22158013381958 7.745633955383301 0.4125828510209982 1.4877430557215896 -0.39205529691600205 1.212906609020564 7.750465595162472 0.38601565553829753 1.4956317890956776 -0.3642830860353751 0.39393208173322847 1.5043685862491283 -0.34765755550783645 
1737148674.3714912 1.2225018600463866 7.755277033233643 0.4125828510209982 1.4788251392668779 -0.39205529691600205 1.2244116129736773 7.755858201533859 0.4109322023202584 1.4805429173416094 -0.3397802463947251 0.41235896856292237 1.4787497290275105 -0.3398556566340925 
1737148674.3915114 1.2233977774620055 7.76228081741333 0.4125828510209982 1.4672171213583107 -0.39205529691600205 1.2256033447275563 7.763911622586887 0.41060172993210386 1.4733788098899434 -0.3377491891070056 0.4140930926020359 1.4714044287890726 -0.3335618816762437 
1737148674.4118774 1.2245919565200805 7.771417971038819 0.4125828510209982 1.4614158554912613 -0.39205529691600205 1.2268156551460117 7.772104109037813 0.4102655509909391 1.4660909935887352 -0.3356830597936202 0.41200362958258246 1.464016446728868 -0.33308246855601337 
1737148674.4315262 1.2254093746185302 7.77767502822876 0.4125828510209982 1.4568875383886901 -0.39205529691600205 1.2279852754796081 7.780008106718479 0.4099412101956052 1.4590598091629914 -0.3336896867927886 0.4148921291949339 1.4568302587163904 -0.33374696646508833 
1737148674.451598 1.226366625213623 7.784149523162842 0.4125828510209982 1.4496004317713131 -0.39205529691600205 1.2291800727449 7.788082243720435 0.40960988772782986 1.4518772733585659 -0.3316534049826251 0.4176634539600792 1.449621242025611 -0.3316325947283273 
1737148674.4715254 1.2277831892013549 7.793557997131348 0.41657265307244595 1.4418654460856124 -0.36331701120672827 1.2303662837397995 7.796098356883959 0.4092809462701036 1.4447463540051566 -0.32963175667282557 0.41468631467935896 1.4425923649332513 -0.3289048378251867 
1737148674.4915357 1.2289979318618773 7.800040121459961 0.41657265307244595 1.4361699628001314 -0.36331701120672827 1.2315574194220151 7.804147749835806 0.40895063917520863 1.437585829844305 -0.3276017152644702 0.41733187347742484 1.4356738010891814 -0.3280978769754202 
1737148674.511488 1.2311414937019347 7.81010853805542 0.41657265307244595 1.4276530107589378 -0.36331701120672827 1.2327451064038912 7.812173837345109 0.40862128841988715 1.4304460375803076 -0.3255775514438643 0.41293298082767743 1.4291987841836424 -0.32403177801915967 
1737148674.531571 1.2323667863845824 7.816802378082276 0.41657265307244595 1.4200911208461526 -0.36331701120672827 1.233940570701759 7.8202524819841015 0.40828978098108315 1.423259491902828 -0.3235401328163171 0.41521329354933234 1.4222517312168088 -0.3213795224456609 
1737148674.5514917 1.233627961063385 7.823287363433838 0.41657265307244595 1.416181773404576 -0.36331701120672827 1.2351263843155496 7.828265909746837 0.4079609497188633 1.4161309614099615 -0.3215191617594271 0.4177458535456349 1.4154457563190328 -0.32225517884497035 
1737148674.5715632 1.2355445484161376 7.833760614776612 0.41657265307244595 1.406903495368314 -0.36331701120672827 1.236321167388659 7.836339950841623 0.40762963118664175 1.4089485109219841 -0.3194829041368674 0.41270408985763496 1.4086116383683884 -0.3177747611367929 
1737148674.5915918 1.236696706199646 7.840106363677979 0.41657265307244595 1.402205908003649 -0.36331701120672827 1.2375133958689244 7.844396728645634 0.4072990210541042 1.4017814173946395 -0.31745100028301115 0.4155955751845764 1.4017013694922753 -0.31795553879438493 
1737148674.6114678 1.2386335591316222 7.8501456932067875 0.4408112163680432 1.3947084890022639 -0.36321115343636395 1.2386965413524114 7.852392125860229 0.40697092967599874 1.3946689263939895 -0.3154345764956557 0.4111940884130065 1.394969833466264 -0.31517323203165565 
1737148674.631493 1.2400829056739806 7.856816168212891 0.4408112163680432 1.3879331420586225 -0.36321115343636395 1.2398885711421221 7.860447560963848 0.40664037464121444 1.3875030272969164 -0.31340301126825415 0.41335714253018996 1.388277025943288 -0.3130591273835887 
1737148674.6514912 1.241680608177185 7.863619203948975 0.42945643893021307 1.3803199423048405 -0.3325000864185888 1.2410789830230318 7.868492062649977 0.4063102682595633 1.3803468542749107 -0.311374203427698 0.41518491357728937 1.3817562449358147 -0.30993790079672373 
1737148674.6715088 1.2440335015296935 7.873433466339112 0.42945643893021307 1.3714690592344054 -0.3325000864185888 1.242270558662904 7.876544428724124 0.4059798391625006 1.3731836853041723 -0.3093434122036215 0.41111800213763183 1.3753626267023584 -0.3054498447356685 
1737148674.6915286 1.2458355883598327 7.880136843109131 0.42945643893021307 1.3655230851375812 -0.3325000864185888 1.243462262032418 7.88459765796281 0.40564937464545364 1.3660197484854022 -0.3073124032911098 0.4130308745307724 1.3690289747197835 -0.3038065137089076 
1737148674.7115035 1.2481448511123656 7.890152807617188 0.42945643893021307 1.3556256669349107 -0.3325000864185888 1.2446512972716284 7.892632856653355 0.4053196500125211 1.358871851158849 -0.3052859416481327 0.40853011081306934 1.3625388455748075 -0.2983727630082359 
1737148674.7315233 1.2499179104804992 7.896721716308594 0.42945643893021307 1.3505268515658289 -0.3325000864185888 1.2458430006411425 7.900686085892041 0.4049891854954742 1.3517079143400788 -0.30325493273562104 0.4106587143687456 1.356215087275407 -0.2975666970260428 
1737148674.7515411 1.2520506242752074 7.903192873382569 0.42945643893021307 1.3422968499519181 -0.3325000864185888 1.247034590473197 7.90873854787336 0.40465875246285765 1.3445446600528923 -0.3012241173239406 0.41278904015780193 1.3502562238211777 -0.293264743454681 
1737148674.7714844 1.2545306543350219 7.9130424217224125 0.4329863412923502 1.3337023731465363 -0.30167995062847275 1.2482217381521394 7.916760990910166 0.40432955125858056 1.3374081098139177 -0.29920087263228323 0.4084309711208896 1.3438727816703768 -0.2890304641084427 
1737148674.7915044 1.2560763219833373 7.9193314270019535 0.4329863412923502 1.329867964978514 -0.30167995062847275 1.2499757948185697 7.924537967637367 0.4037228063183944 1.3306114193245306 -0.2980618268036626 0.41057396635708804 1.337229498174918 -0.2907002936072585 
1737148674.8114965 1.2587419013023375 7.929174299621582 0.4329863412923502 1.3190895579926407 -0.30167995062847275 1.252394167843477 7.931976444460662 0.40278932826089525 1.3242597408406975 -0.29798198929640074 0.40500901931968236 1.3305782434492421 -0.2864933038397993 
1737148674.831532 1.2605583528518676 7.935687418365479 0.4329863412923502 1.315177355575912 -0.30167995062847275 1.2617138884193315 7.936090145355222 0.4306520445039575 1.3168227340503122 -0.2724289477680791 0.4319443066275292 1.3158829522972906 -0.2717233510467006 
1737148674.8515937 1.262270138645172 7.94181191482544 0.43009500818517254 1.3090162840967017 -0.3286363097118457 1.2642936197528738 7.944112867748786 0.4297067768855469 1.3108946690435404 -0.2699719679624949 0.4349197622327634 1.3096259161545865 -0.2693623359046101 
1737148674.8717465 1.2650726298332213 7.95113169708252 0.43009500818517254 1.3005478532719834 -0.3286363097118457 1.2668850625056258 7.952172011557221 0.4287572179577272 1.3049396919108833 -0.2675038340029416 0.4315691092542395 1.303567502992315 -0.26448418428260995 
1737148674.8916714 1.2672669152259826 7.9572013572692875 0.43009500818517254 1.2943469053813674 -0.3286363097118457 1.2694471960521878 7.96014000648446 0.42781839853722464 1.29905206554353 -0.2650636146276671 0.43430877766501064 1.2978323313372355 -0.261578188671799 
1737148674.9117627 1.2700477699279784 7.966845388793946 0.43009500818517254 1.289184644285911 -0.3286363097118457 1.2720307289982482 7.968174551536254 0.4268717379283252 1.2931152646634343 -0.2626030141019463 0.4303331855958228 1.2916805679286956 -0.2601070904591617 
1737148674.9315426 1.2722703079223632 7.973423834228516 0.43009500818517254 1.2837143032407132 -0.3286363097118457 1.274574222380204 7.976084577300557 0.4259397486547356 1.2872704722556048 -0.2601805479350834 0.4320178402792698 1.2859055579145688 -0.25798929326122777 
1737148674.951512 1.2743949750900267 7.979775305175782 0.4409771993516001 1.2789782864364085 -0.2420896226616493 1.277142089003709 7.984070401559159 0.42499882851470555 1.2813696716276741 -0.25773486828024805 0.4343097276411349 1.2800933953453546 -0.256619759371302 
1737148674.9717305 1.2781576971054076 7.989947195434571 0.4409771993516001 1.2710518352681244 -0.2420896226616493 1.2797419627519655 7.992155764972541 0.424046180293463 1.2753953205824038 -0.25525870449781124 0.4289369685769307 1.2746037356769615 -0.2517068040889741 
1737148674.991706 1.280222700023651 7.996558542633057 0.4409771993516001 1.2666843774569765 -0.2420896226616493 1.2823105958296073 8.000143972831593 0.42310497930857627 1.2694927586896902 -0.2528122948590774 0.430787643088612 1.2686493540508972 -0.2508473182651567 
1737148675.0114925 1.283678636932373 8.00673186340332 0.4409771993516001 1.2591056716946054 -0.2420896226616493 1.284854947640196 8.008056668228399 0.4221726754887473 1.2636459936653037 -0.25038901111024814 0.4252477037981797 1.2629922529354083 -0.24650242986944526 
1737148675.0316198 1.2861506799697875 8.01353346862793 0.4409771993516001 1.253394052582314 -0.2420896226616493 1.2874431099692427 8.01610561022691 0.4212243185769139 1.2576985547459183 -0.24792400148178045 0.42663009569801846 1.257301836855184 -0.24401621720891037 
1737148675.0516195 1.2887979606628417 8.02008282699585 0.4409771993516001 1.2472607433215983 -0.2420896226616493 1.2900148701797627 8.024103543175796 0.4202819717450122 1.25178880689289 -0.24547461350874072 0.42826096274970055 1.2518844865482204 -0.24085087028211866 
1737148675.0716188 1.2923784712791442 8.03025424041748 0.4530890275474129 1.2394139950763419 -0.33407485902113415 1.2925865690739515 8.032101285436648 0.419339647380699 1.2458791999410443 -0.24302528393441286 0.4227915589546672 1.2462256423143143 -0.2362136366964404 
1737148675.0915453 1.2950389842033385 8.037142630004883 0.4530890275474129 1.2340082391079856 -0.33407485902113415 1.2951489172276718 8.040069947772013 0.4184007493236366 1.2399910804195517 -0.24058486016364677 0.42372884028533614 1.240738689690792 -0.23385440958084047 
1737148675.1115036 1.2986562112808226 8.046900625610352 0.4530890275474129 1.2272728548022487 -0.33407485902113415 1.2977153429173995 8.04805129086177 0.4174603571719369 1.2340935909694135 -0.23814055287854063 0.418933228268631 1.2352131858006974 -0.23020022188009193 
1737148675.1315925 1.3011228302955626 8.053348894500733 0.4530890275474129 1.223689858336598 -0.33407485902113415 1.3002985692818054 8.056084882473384 0.41651380890098016 1.2281574945952307 -0.2356802443463793 0.420883800840577 1.229654389447974 -0.22971571323500345 
1737148675.1515627 1.3036207417488097 8.060129042053223 0.4495211397680542 1.2183350936273178 -0.28566493921612185 1.3028665278798068 8.06407099276404 0.41557285505956726 1.2222564826155264 -0.23323447709347614 0.42212276429113826 1.2240852201229215 -0.22748435059787245 
1737148675.1717923 1.3074113587379455 8.069981928253174 0.4495211397680542 1.2123335086443978 -0.28566493921612185 1.3054678425618405 8.072160837346267 0.4146196788499943 1.216278820392464 -0.2307569409413101 0.4172202712450974 1.2185737374145458 -0.22451671217116215 
1737148675.1918464 1.310375378513336 8.076708670043946 0.4495211397680542 1.2083091490047506 -0.28566493921612185 1.3080465928340876 8.080180508731257 0.4136747707130002 1.2103530098046142 -0.228300895515116 0.41828682671650885 1.2133816624461142 -0.2232283820737524 
1737148675.2114735 1.3144843439102172 8.086363668823243 0.4495211397680542 1.2012378564453694 -0.28566493921612185 1.3105704343319764 8.088029418980028 0.41274998230153437 1.2045533762258218 -0.22589714613541073 0.41304194619561624 1.2083359242867142 -0.21879907829406592 
1737148675.2317765 1.317280874633789 8.092814321899414 0.4495211397680542 1.1961792081702014 -0.28566493921612185 1.313181191728975 8.096148629519796 0.4117933460833278 1.1985540152206322 -0.22341061658161515 0.41486160788117077 1.2030312984565035 -0.21655852629531308 
1737148675.251701 1.3198808292388915 8.09892165222168 0.4495211397680542 1.1945528493084756 -0.28566493921612185 1.3157432946173717 8.104116529103017 0.4108545378966195 1.1926664593038703 -0.22097042640569656 0.41712525956790963 1.1977946325052222 -0.21772864320894994 
1737148675.2716432 1.3237446407318114 8.108572359466553 0.4495211397680542 1.1861872000990474 -0.28566493921612185 1.3183076355518475 8.11209138879955 0.40991490964292987 1.186773760493942 -0.21852810467679434 0.4122437969851233 1.1924325364872572 -0.21228276828858456 
1737148675.291633 1.3266033987045287 8.114887590789795 0.4495211397680542 1.1785738024380037 -0.28566493921612185 1.3212416737519688 8.119582958712641 0.40853914187215884 1.1813551348563844 -0.2197687154565661 0.41292449779222073 1.1873551755521052 -0.21098734234246455 
1737148675.311515 1.3308774689674376 8.124088163757325 0.4439159850297264 1.1734796192605907 -0.24626608888537857 1.3245415102021885 8.126506979662928 0.4067153818387833 1.1764780089140323 -0.22487420827406837 0.40633358049492513 1.1825862841881147 -0.21576754334654438 
1737148675.3316004 1.3340926627159118 8.130509729766846 0.4439159850297264 1.1678934622003196 -0.24626608888537857 1.3278750604457648 8.13350174200147 0.40487298880046196 1.1715510543154197 -0.23003186292820382 0.4055185642615221 1.1777608710745677 -0.22016445405395574 
1737148675.3515692 1.3366737226486205 8.136917944335938 0.4439159850297264 1.1651952229615188 -0.24626608888537857 1.331189260871323 8.140455902768586 0.4030412900572327 1.1666526985582524 -0.23515957962680684 0.4051242111609806 1.1724500076358175 -0.2279047949525081 
1737148675.3715758 1.3409746746063231 8.146550054931641 0.4254267235522558 1.159298389567769 -0.24976624481771048 1.3345097529555006 8.14742326527365 0.40120611402786927 1.1617450437912897 -0.2402970307526689 0.3978427771208791 1.1676485688766718 -0.2319468514437662 
1737148675.391651 1.343704567337036 8.152589197540284 0.4254267235522558 1.155029060529256 -0.24976624481771048 1.3378416016813368 8.154414457330862 0.3993646613876849 1.1568206040192255 -0.24545205282584748 0.398058766910608 1.1625577726927177 -0.23792334066238574 
1737148675.4116912 1.3482608059883117 8.161805506134034 0.4254267235522558 1.1478169059278087 -0.24976624481771048 1.3411676731608937 8.161393527037504 0.39752640172722126 1.151904702960558 -0.25059813636833544 0.39132964487671235 1.1578396541157516 -0.24057538818039254 
1737148675.4315536 1.350968823814392 8.167588587188721 0.4254267235522558 1.1432816264454877 -0.24976624481771048 1.3444642252861738 8.16831065651452 0.3957044568809472 1.1470324312182876 -0.2556985476923629 0.3918732224059234 1.152886404395857 -0.24609376974199348 
1737148675.4516876 1.3538431385993956 8.173614378356934 0.4254267235522558 1.1385386009201495 -0.24976624481771048 1.3478058478464692 8.175322356931943 0.39385760241890644 1.1420935458146548 -0.26086869180034006 0.392040771121329 1.147923807028562 -0.2514834856919275 
1737148675.471558 1.3581693033218383 8.182346697235108 0.4254267235522558 1.1322524565921757 -0.24976624481771048 1.3511037453578691 8.182242309422106 0.3920349140020125 1.137219285604881 -0.2659711847000078 0.38621508131590987 1.1432065369152005 -0.255017104376983 
1737148675.4915078 1.3607585290908812 8.188095922851563 0.4254267235522558 1.1286004237066685 -0.24976624481771048 1.3544147801690276 8.189189827805345 0.39020496483671246 1.1323256085947804 -0.2710940035735749 0.3869695745496057 1.1381625673245144 -0.261531859955729 
1737148675.51149 1.3649768690109252 8.196520681762696 0.4304865745147452 1.1229232774719708 -0.24222831485656982 1.3577312360948455 8.196148721270971 0.3883720195192087 1.1274239192303281 -0.27622520997251604 0.38182794070564646 1.1333571232110868 -0.26579136423340005 
1737148675.5314915 1.367852495098114 8.202113027954102 0.4304865745147452 1.1172637853244975 -0.24222831485656982 1.361050857635063 8.203114257120468 0.38653732462377577 1.122517551118809 -0.2813613141964932 0.3826506818878438 1.1286161982284095 -0.2700089012925812 
1737148675.5515604 1.3704469064712523 8.207474584960938 0.4302144474575324 1.1146627175667263 -0.24207519305812616 1.3643816775362196 8.210103290402921 0.3846964405964184 1.1175946319395413 -0.28651474447653513 0.38414107199842207 1.123734666639174 -0.27744279540408734 
1737148675.5715768 1.374803290748596 8.21592318572998 0.4302144474575324 1.1086734987277 -0.24207519305812616 1.367703791997777 8.21707405712972 0.3828603679083662 1.112684579314707 -0.29165470573772806 0.37885598454861436 1.119077994530374 -0.2812502099350542 
1737148675.5915272 1.3779526213645934 8.221351976776123 0.4302144474575324 1.1017729296239238 -0.24207519305812616 1.3710149455194756 8.224021824602357 0.38103035313389383 1.1077907268515916 -0.296777708279734 0.3796815904652473 1.1146706247601008 -0.283880013143557 
1737148675.6114817 1.3822005847930907 8.229536409759522 0.4302144474575324 1.0970347890710181 -0.24207519305812616 1.374326771734234 8.230971003581566 0.3791999665741115 1.1028958801547244 -0.30190175160956 0.37488552920797247 1.1100313022798807 -0.2889052384006975 
1737148675.6315215 1.3852336267471312 8.23496615447998 0.4302144474575324 1.0941146479109805 -0.24207519305812616 1.3776527640734308 8.237949907228609 0.3773617506530961 1.0979800960647335 -0.30704771270642206 0.37584957781954953 1.105518471101097 -0.2956438895163055 
1737148675.6515188 1.3881603340148925 8.240386362457276 0.4109471305016866 1.0899477358704786 -0.24631554709315726 1.3809717129205885 8.244914031571534 0.3755274275429731 1.0930747221869659 -0.31218277614257905 0.37688735247956634 1.101314471503193 -0.30081604050986455 
1737148675.6715121 1.392867610836029 8.248427744293213 0.4109471305016866 1.081799267164735 -0.24631554709315726 1.3842899890746865 8.251876744407888 0.37369347621816007 1.0881703425429503 -0.3173167987909159 0.3719343398918385 1.0971236479957314 -0.3019924179599195 
1737148675.6915305 1.396103785419464 8.2540944770813 0.4109471305016866 1.076300536691626 -0.24631554709315726 1.3876124200976838 8.258848175373073 0.37185722857231496 1.0832598220434095 -0.3224572498346125 0.3722791240357792 1.0927292793868766 -0.30602850713936197 
1737148675.7114875 1.400727615737915 8.262225504302979 0.4109471305016866 1.0659132764640018 -0.24631554709315726 1.390924681584422 8.265798267680065 0.37002660144556737 1.0783643320188205 -0.32758196661538097 0.36720291040749103 1.08841618853054 -0.3050790545488429 
1737148675.7315066 1.403729484462738 8.26732050933838 0.4109471305016866 1.064267195710589 -0.24631554709315726 1.3942472313179595 8.272769947734647 0.36819028819054994 1.0734536360662648 -0.3327226013275164 0.3686944359031884 1.084095375489953 -0.3128944215481524 
1737148675.751599 1.4069135049819945 8.272667284393311 0.3959800912800128 1.0572722762660653 -0.27079087642850924 1.3975819686669355 8.279767200967145 0.36634723906050515 1.068524926937502 -0.33788209266604036 0.3696352642354904 1.080239157598868 -0.3149152113332378 
1737148675.771525 1.4114094833374022 8.280760164642334 0.3959800912800128 1.0501562435397294 -0.27079087642850924 1.4008890464600945 8.286706416370542 0.3645194768676166 1.0636370983612347 -0.3429987892583124 0.3646867559168519 1.0758434461316582 -0.3173115866663836 
1737148675.7915475 1.4146098355293273 8.28600251235962 0.3959800912800128 1.0429363727727654 -0.27079087642850924 1.4045358568264803 8.293142683093452 0.36326068342332823 1.0575863090093072 -0.34538010096222155 0.3656814783633826 1.0699921872415998 -0.3183242864933871 
1737148675.8114932 1.4193857172966002 8.293377275848389 0.3959800912800128 1.036605366668141 -0.27079087642850924 1.4194919649648448 8.292801829778607 0.39505691068772036 1.0382002499046146 -0.3143319554939448 0.3942175059957702 1.0378126277770716 -0.31312469438501417 
1737148675.831611 1.42240040102005 8.298202867889405 0.3959800912800128 1.0342896022602694 -0.27079087642850924 1.423914466377265 8.29920617797849 0.39443208274813174 1.0314945938776587 -0.3113320128400704 0.3975450995052147 1.0307027022811042 -0.3149189128192357 
1737148675.8517244 1.4255909780502318 8.303326483154297 0.37990466331132994 1.02755582742091 -0.27288398453037827 1.4283360243786227 8.305609159998381 0.39380738809727167 1.0247903683058874 -0.3083327101360391 0.4002222008566224 1.0235683914954474 -0.31232014606150166 
1737148675.8716385 1.430820182943344 8.310222978973389 0.37990466331132994 1.023166594127937 -0.27288398453037827 1.4327137661773166 8.311948690547602 0.39318888396735846 1.0181525794304724 -0.30536312954694783 0.3978682169602827 1.0174094351289256 -0.31112028854595936 
1737148675.891604 1.4341837922573089 8.315732355499268 0.37990466331132994 1.0135750650856556 -0.27288398453037827 1.4371027764970308 8.318304539357822 0.3925687877776323 1.0114977045625735 -0.3023859051125072 0.3996539538999294 1.0103295894064865 -0.3056313807916763 
1737148675.9115927 1.4393983642101287 8.323543424987793 0.37990466331132994 1.004340775185048 -0.27288398453037827 1.4414969231658608 8.324667826259102 0.3919479659048287 1.004835041660891 -0.29940519650669795 0.3958892917528961 1.0036048355193583 -0.3001411361723876 
1737148675.9317138 1.4430824676990508 8.328650827789307 0.37990466331132994 1.0007871695227948 -0.27288398453037827 1.4459201583424404 8.33107323704342 0.39132303429622906 0.9981282730576805 -0.29640475611405653 0.39811287164427245 0.9969992386021785 -0.3001926870346728 
1737148675.9516335 1.4468933800697326 8.333973760986328 0.3882471958185591 0.9948788223839632 -0.3344219783957614 1.4502991056108248 8.337414513267074 0.3907043598529405 0.9914886563784183 -0.29343435781127675 0.3997175507367815 0.9904929692962727 -0.2978202108989672 
1737148675.9716465 1.4526328603267669 8.3420752243042 0.3882471958185591 0.9884045939204299 -0.3344219783957614 1.4546985982756737 8.343785541854965 0.3900827826773419 0.9848178875640227 -0.2904500228230227 0.3949607570142825 0.9840191360498214 -0.2948354806936312 
1737148675.9915333 1.4563443223476409 8.347514028930664 0.3882471958185591 0.9845100467402882 -0.3344219783957614 1.459070312725915 8.350116344032026 0.3894651301143054 0.9781892377078433 -0.2874845308023741 0.3964591232740751 0.9773570718423378 -0.29463750570032454 
1737148676.0114937 1.4616427282333373 8.355407591247559 0.3882471958185591 0.9748179875219851 -0.3344219783957614 1.4634582223993897 8.35647059896559 0.38884518942809587 0.9715360317043265 -0.2845080529760839 0.3924585488172775 0.9706092207038831 -0.2887168197941859 
1737148676.0317142 1.4654957810878753 8.360384340667725 0.3882471958185591 0.9672191576790963 -0.3344219783957614 1.4679033132655757 8.362907659586355 0.38821716996395217 0.9647961242226701 -0.28149278707874154 0.39476320464146364 0.964238143234565 -0.2844738015232728 
1737148676.0516393 1.4695149520874022 8.365044470214844 0.41489803451697577 0.9641390815955493 -0.32731248630627907 1.4722834660036506 8.369250681484441 0.38759832520728826 0.9581546797395609 -0.2785215710622732 0.39716126404193325 0.9583028521669826 -0.28435780049083986 
1737148676.071588 1.4755302230358123 8.37297761001587 0.41489803451697577 0.9559927263214969 -0.32731248630627907 1.4766688075025673 8.375601217372475 0.3869787473626175 0.9515053677529357 -0.27554683532166724 0.3922935224944707 0.9520797309969696 -0.2794598306461945 
1737148676.0916204 1.4796420196533202 8.378144617462159 0.41489803451697577 0.9491399202268261 -0.32731248630627907 1.4810725455171958 8.381978393770325 0.3863565703877406 0.9448281618902089 -0.27255962055911875 0.3938519961086219 0.9458759835472634 -0.27582355723868146 
1737148676.1115348 1.4855639199256896 8.385931368255616 0.41489803451697577 0.9417737421618402 -0.32731248630627907 1.4854503397276155 8.388318000218435 0.385738058852898 0.9381902935450614 -0.26959000441725844 0.3892675509418327 0.9396390280535666 -0.27172471852553204 
1737148676.1315806 1.4893621067047118 8.391123171234131 0.41489803451697577 0.936662555098829 -0.32731248630627907 1.4898570127988817 8.394699426954032 0.38511546720197687 0.9315086373773155 -0.2666007986996422 0.3911294439144166 0.933182789131857 -0.2700805646666142 
1737148676.1515195 1.4933791021347045 8.395889158630371 0.4125759985798696 0.9337281490693118 -0.3937232795634841 1.4942402054170458 8.401046850987642 0.38449619295940995 0.9248625836497222 -0.263627520622568 0.3933060514535211 0.9272059245291194 -0.27014974516276036 
1737148676.1715252 1.4992212513923644 8.403374548339844 0.4125759985798696 0.92296680284037 -0.3937232795634841 1.4986380733183988 8.407415526709995 0.38387484533662164 0.9181942783970336 -0.260644287770155 0.3893020287072291 0.9210225946328817 -0.26258849597764333 
1737148676.1915278 1.5030913511753081 8.408655043029786 0.4125759985798696 0.915636932152722 -0.3937232795634841 1.503035259867318 8.413783215746799 0.383253593977915 0.9115270062508671 -0.2576615171037399 0.39088992354022584 0.9146154407013494 -0.25868300855511256 
1737148676.2114832 1.5089047113895415 8.416040296936036 0.4125759985798696 0.9078869237872107 -0.3937232795634841 1.5074220688945537 8.420135876803707 0.38263380879522213 0.9048754691117324 -0.2546857858856001 0.3870125287265182 0.9084588469087683 -0.25411386276404246 
1737148676.231484 1.513056979560852 8.420422430419922 0.4125759985798696 0.9046783822377746 -0.3937232795634841 1.5118188361496676 8.426502958649404 0.3820126166759504 0.8982088327234259 -0.2517032996413375 0.3895837404736289 0.9028205401705126 -0.2535611417085995 
1737148676.2515972 1.5171804586887359 8.425185079956055 0.40022880780493164 0.8991569292402241 -0.29174843163300557 1.5162403417392998 8.432905864770406 0.38138792943001965 0.8915046866213873 -0.24870403249007528 0.3916785754179336 0.8970833872321293 -0.25077757449817 
1737148676.2716115 1.5232379893302916 8.432530756378174 0.40022880780493164 0.8897287954820854 -0.29174843163300557 1.520640096462777 8.43927727285274 0.3807663152297743 0.8848335204583291 -0.2457195197379759 0.38755866902236463 0.8911134871157805 -0.24433482810428075 
1737148676.2916374 1.5275373319625853 8.437166567230225 0.40022880780493164 0.8858052358608408 -0.29174843163300557 1.5253393197007805 8.44514397514046 0.37989498307888675 0.8788365099963413 -0.24433010189491197 0.3889010386106462 0.88561495649842 -0.24452038125733275 
1737148676.3115215 1.5338042239189147 8.444421644592286 0.40022880780493164 0.8766735564721497 -0.29174843163300557 1.530309603197759 8.450447939921334 0.37877421278068035 0.8735770402130949 -0.24458742171932893 0.38328875658842915 0.880121700547625 -0.2411392776438537 
1737148676.3317704 1.538049028301239 8.449439878845215 0.40022880780493164 0.8717887665595735 -0.29174843163300557 1.5353710681545742 8.455849207653221 0.37763288158851405 0.8682210837539687 -0.24484946215922979 0.38363877645023364 0.8744028496401098 -0.24223537907869344 
1737148676.3515735 1.5423534075260161 8.454112882995606 0.40434545943252853 0.8683275355930009 -0.211431507646569 1.5403210891049224 8.461131549556091 0.3765166803778543 0.8629830554542511 -0.24510573295798366 0.38413808017609036 0.8690248251201225 -0.2444084434308621 
1737148676.3716094 1.548784689092636 8.461496229553223 0.40434545943252853 0.859951256561669 -0.211431507646569 1.5453293350789703 8.46647602543487 0.3753873497597443 0.8576834144209815 -0.24536501816283413 0.3782485560897925 0.8634913768026997 -0.24182489792180345 
1737148676.3915894 1.553075985097885 8.465984697723389 0.40434545943252853 0.8567318994273578 -0.211431507646569 1.5503235760575529 8.471805556089146 0.3742611771874387 0.8523985932366216 -0.2456235783058292 0.3791455000352119 0.8582384344153947 -0.24411704331779233 
1737148676.4115107 1.5598412314891814 8.47272765197754 0.40434545943252853 0.8492526995779083 -0.211431507646569 1.5553031564876914 8.47711944195522 0.3731383104843579 0.8471292855962266 -0.24588137944790336 0.3736822857241103 0.8533701274593618 -0.24176395156644984 
1737148676.431803 1.5640669027805327 8.477436895751953 0.40434545943252853 0.842050250601511 -0.211431507646569 1.5603754678665263 8.48253228428651 0.3719945334865049 0.8417618516370938 -0.24614398142507096 0.37454278179001976 0.8478431414774106 -0.24035109054917134 
1737148676.451489 1.5682913521766662 8.482147093200684 0.4026678596578975 0.838152110508701 -0.2577325110164548 1.5652962273157112 8.487783400209674 0.3708849305758022 0.8365547873621193 -0.24639873730735254 0.37502169060374574 0.842514826141029 -0.2420360216750245 
1737148676.4716575 1.5746265212535857 8.489034052276612 0.4026678596578975 0.8325349054878504 -0.2577325110164548 1.5703376085130722 8.49316323585366 0.3697481281557042 0.8312200831969614 -0.2466597379776991 0.37005180906545193 0.837132002022214 -0.24206264144333542 
1737148676.4915721 1.5790458778381347 8.493618364715577 0.4026678596578975 0.8259974981629666 -0.2577325110164548 1.5753155202628997 8.498475341012131 0.3686256377304214 0.8259525413257982 -0.24691745272942453 0.3706057607019662 0.8319473567266283 -0.24096759416576283 
1737148676.511493 1.5857765833377837 8.500403757476807 0.4026678596578975 0.821446216694368 -0.2577325110164548 1.5802949815015874 8.503789099684806 0.3675027979043263 0.8206833598117769 -0.2471752477007595 0.36510847782203326 0.8269596811815295 -0.241661783213598 
1737148676.5315537 1.590022550010681 8.504841680908203 0.4026678596578975 0.8125110514353246 -0.2577325110164548 1.5853094254310751 8.509140189620386 0.3663720696829667 0.815377160207075 -0.24743485378404806 0.36617818916815575 0.8217129291186033 -0.23823297610076943 
1737148676.5515258 1.594393239402771 8.50941502609253 0.39221640090252335 0.8092508035293322 -0.30353306767585453 1.59030169975072 8.514467621583563 0.3652463405809229 0.810094420107881 -0.24769331210984644 0.3668404944964746 0.8166693968355067 -0.240274718803672 
1737148676.5715857 1.6009736517906188 8.516069765472412 0.39221640090252335 0.8023574153588439 -0.30353306767585453 1.5953159052973063 8.519818457132342 0.3641156661135345 0.8047884727559265 -0.24795290585165664 0.3617963656112443 0.8115971386939751 -0.2387131825165254 
1737148676.5915782 1.6053237477779387 8.520226831817627 0.39221640090252335 0.7984894577242709 -0.30353306767585453 1.6003133048493343 8.52515135841172 0.36298878130111134 0.7995003092226636 -0.2482116295192404 0.3630615883100283 0.8066648462246978 -0.24003624101881352 
1737148676.6118433 1.6118097464084624 8.52662407913208 0.39221640090252335 0.7929922491927841 -0.30353306767585453 1.6053788223154755 8.530556950719209 0.3618465362914357 0.7941400644668316 -0.24847387976427388 0.358612244753094 0.8016291284537211 -0.23983700050333684 
1737148676.631621 1.6161504546642302 8.53068148651123 0.39221640090252335 0.7901485703893336 -0.30353306767585453 1.6103224665232077 8.535832487775176 0.3607317729995039 0.7889087839281068 -0.24872982042848082 0.35987402805495583 0.7968276656767516 -0.24205072514106288 
1737148676.6515565 1.6205522576808928 8.534918184661866 0.38793809813671887 0.7843304358466215 -0.27480568866592825 1.615305622696869 8.54115018944325 0.35960809998685606 0.7836356924965009 -0.24898780669273082 0.36090476470075206 0.7920057390558565 -0.2413125034834959 
1737148676.6716864 1.6273541311264037 8.540846224212647 0.38793809813671887 0.7797073240988985 -0.27480568866592825 1.620337349386718 8.546519722421834 0.3584734746025891 0.7783112045676126 -0.24924830753320262 0.3565479889211385 0.7875561545216825 -0.24139947711041868 
1737148676.6915956 1.6316786269187926 8.545210237884522 0.38793809813671887 0.7754593604088357 -0.27480568866592825 1.6253138904348616 8.551830364856206 0.35735129326264037 0.773045113149747 -0.2495059513214273 0.3574788885985455 0.7825135730207554 -0.24245173870950756 
1737148676.7116842 1.6380779603958129 8.551021452331543 0.38793809813671887 0.7739795381236863 -0.27480568866592825 1.6303353070642193 8.55718889560569 0.3562189927376251 0.7677315351521836 -0.24976591839295878 0.35377293019923806 0.7778510639627567 -0.2458943925538883 
1737148676.7317526 1.642357573890686 8.555159922027588 0.38793809813671887 0.7692232257222688 -0.27480568866592825 1.6353516580569192 8.562542020635668 0.35508783448449643 0.7624233175255026 -0.2500256232080745 0.355149029843369 0.772916656439544 -0.24633219249079924 
1737148676.751537 1.646895782136917 8.559065218353272 0.37854315527330495 0.7639980711901817 -0.2043944714285337 1.6402970305406874 8.567819401995937 0.35397268147627386 0.7571902081543592 -0.25028165334799973 0.3562855448027584 0.7687020804861376 -0.2455776440520438 
1737148676.7716181 1.6531386236190795 8.564983721160889 0.37854315527330495 0.7585440132133615 -0.2043944714285337 1.6453165401068328 8.573175897651018 0.35284081098302766 0.751878648178775 -0.2505415216877041 0.35261671345764883 0.7638462775865584 -0.2452392573145072 
1737148676.7915463 1.6577245751857757 8.568737860107422 0.37854315527330495 0.7538303854771862 -0.2043944714285337 1.6505093706243932 8.578059607879839 0.3522502030468153 0.7467297831016485 -0.2496509050486441 0.35421928621040194 0.7591369620096287 -0.2443443285162016 
1737148676.8114974 1.6643742481708526 8.5748952583313 0.37854315527330495 0.7454283872921093 -0.2043944714285337 1.6641466387327497 8.57400506988239 0.3784598888271033 0.7490565199823126 -0.22949558590000135 0.3769914687668574 0.748531430138874 -0.22639254305323658 
1737148676.8315551 1.6687823692798613 8.578880663299561 0.37854315527330495 0.7402556129046932 -0.2043944714285337 1.6699455116858084 8.57886430853293 0.3784039185087209 0.7443520990311441 -0.2270260472323857 0.3800083455551014 0.7435066970683233 -0.22377496306875563 
1737148676.8516004 1.6731116632461547 8.582151289367676 0.37335589010166714 0.7403261269089481 -0.2881076223635285 1.675740800322188 8.583720543660151 0.3783479827859138 0.739650585909586 -0.2245580350008046 0.3840477508381323 0.738993944717116 -0.22589021719263666 
1737148676.8717031 1.6799571374893187 8.587332601928711 0.37335589010166714 0.7348466542688257 -0.2881076223635285 1.681552700887791 8.588590698962758 0.3782918867259213 0.7349355961161798 -0.22208294832529407 0.3821437766747344 0.7347893135084479 -0.22214028908567185 
1737148676.8917036 1.6843643496274947 8.59081208267212 0.37335589010166714 0.7312046246814478 -0.2881076223635285 1.6873350308407933 8.593436075197976 0.3782360760794247 0.7302445959170591 -0.21962045474706873 0.38576677984627616 0.7302159963968844 -0.2206090830316321 
1737148676.9116557 1.6889318237543105 8.594933386230469 0.37335589010166714 0.723075903871384 -0.2881076223635285 1.6931033681729148 8.598269726140238 0.37818040048873164 0.7255649474373789 -0.21716392014028602 0.3883162819497426 0.7252734675668981 -0.21496635644477186 
1737148676.9316523 1.6956221769094466 8.600634451293946 0.37335589010166714 0.7182509253079871 -0.2881076223635285 1.6988845952592466 8.603114178214437 0.37812460048702745 0.7208748419550615 -0.21470189623468666 0.3858909114520239 0.7205636195382847 -0.212389202004389 
1737148676.9517534 1.7005958268880843 8.604386206054688 0.38387730043944995 0.7138359545210184 -0.30349417816383745 1.7046960133206814 8.607983929196596 0.37806850908413164 0.7161602436002567 -0.21222701504095 0.38843256758736844 0.7161833071481614 -0.2098796624138071 
1737148676.9716284 1.7075621495485305 8.610468740844727 0.38387730043944995 0.7070432442578533 -0.30349417816383745 1.7104420865318937 8.612798923638236 0.37801304838518485 0.7114986572160409 -0.2097799619503051 0.3850482169776023 0.7113781315374466 -0.2054450746707118 
1737148676.9915757 1.7121042022943496 8.614441271209717 0.38387730043944995 0.7030199571926258 -0.30349417816383745 1.716209045280677 8.61763141937922 0.37795738610048224 0.7068201271323646 -0.2073240144343049 0.38782437921520946 0.7065701763502398 -0.2037737952766909 
1737148677.0115006 1.7190824756860732 8.62016474761963 0.38387730043944995 0.6987274800455214 -0.30349417816383745 1.7219695246877718 8.622458485674203 0.37790178635393484 0.7021468535099071 -0.20487082624498257 0.38490432542285974 0.7020286354956393 -0.20156967079486468 
1737148677.0314925 1.7241211245298385 8.624152059936524 0.38387730043944995 0.6914809113929621 -0.30349417816383745 1.7277493731907656 8.627301782547125 0.3778459996582212 0.6974578664235936 -0.20240938943016576 0.3869733358630518 0.6975452602884522 -0.19634504053467564 
1737148677.0516462 1.729130358481407 8.627789850616455 0.3944634754616178 0.6888450078028562 -0.2244243177006439 1.7335760245980856 8.632184298503393 0.3777897612241305 0.6927309097929448 -0.1999280208832822 0.38962180051673934 0.6932808862488177 -0.19549214243732072 
1737148677.071829 1.7364468286275863 8.63369833984375 0.3944634754616178 0.6819482882331381 -0.2244243177006439 1.7394110853637672 8.637073861187448 0.3777334416234978 0.6879971309466717 -0.19744307108262527 0.38615669450368945 0.6887326905933211 -0.1906586687224423 
1737148677.091853 1.7415409693956374 8.637396688842774 0.3944634754616178 0.6745001365794739 -0.2244243177006439 1.7452001703751259 8.641924897908924 0.3776775657776479 0.6833006506071314 -0.19497770075956553 0.38850068158853607 0.6845188473388902 -0.18495899000014923 
1737148677.1115594 1.746591166639328 8.641228075408936 0.3944634754616178 0.672970416855204 -0.2244243177006439 1.750897510665339 8.646699055985431 0.3776225754454648 0.6786785995216565 -0.19255140132808285 0.3905168310147311 0.6802556824059679 -0.18526613577731893 
1737148677.1315649 1.7542642215728759 8.646762247467041 0.3944634754616178 0.67069650346485 -0.2244243177006439 1.7566812881308465 8.651545645181992 0.3775667508276782 0.6739864250067317 -0.19008829130453586 0.38682710377987795 0.6762466604771523 -0.18453813429223354 
1737148677.1514828 1.759462595963478 8.650597925567627 0.4127105639164589 0.6654714403363887 -0.2132562841311297 1.762439768592101 8.656371036435125 0.3775111703748171 0.66931477305848 -0.1876359543968482 0.38875292772340136 0.6719125798992927 -0.18119481483394426 
1737148677.171615 1.7674525538921355 8.656633730316162 0.4127105639164589 0.6558457390481711 -0.2132562841311297 1.7682601474452326 8.661248296225583 0.3774549924829831 0.6645929051296493 -0.18515725711302514 0.38406995661426585 0.6676307284026428 -0.17337226775855344 
1737148677.1915534 1.772431881213188 8.66063630142212 0.4127105639164589 0.655014299197609 -0.2132562841311297 1.7740245558148406 8.666078654844204 0.3773993548143629 0.6599164440785804 -0.1827023957149726 0.38612922075866124 0.663137387773602 -0.17457930713897962 
1737148677.2119536 1.7803985337257384 8.666151876831055 0.4127105639164589 0.6518895470417329 -0.2132562841311297 1.7799224799807363 8.67102089470648 0.37734242846056404 0.6551316663745255 -0.18019067457463248 0.3822615413298102 0.6591548188627446 -0.1729254027536207 
1737148677.2318351 1.7856808314561843 8.669951792144776 0.4127105639164589 0.6483965035992962 -0.2132562841311297 1.785670414279455 8.675837448669846 0.3772869497985301 0.6504685701557043 -0.17774282891143114 0.38404300167434924 0.6550142082907591 -0.1711251242199683 
1737148677.2518494 1.7908811429977416 8.674010153198243 0.4002892167915301 0.6423025620612232 -0.18252319475286777 1.7914567421241376 8.680686174988768 0.37723110056466114 0.645774326608172 -0.17527863276993647 0.3857381788175632 0.6507559760842062 -0.1668252187469534 
1737148677.2717514 1.7987760464191436 8.679810400390625 0.4002892167915301 0.634783117251261 -0.18252319475286777 1.7972106043312097 8.685507696317622 0.3771755646868681 0.6411064212865337 -0.17282826261637027 0.3812659052192262 0.6466046635587536 -0.16100671630887772 
1737148677.2916844 1.8036697069644927 8.683425779724121 0.4002892167915301 0.6333607077483082 -0.18252319475286777 1.8031418745704446 8.689996212466639 0.37688076769526235 0.636980351061091 -0.17060487430544521 0.3834995238131892 0.6425721296571403 -0.16139345239661315 
1737148677.3115044 1.8091377104163169 8.68690526046753 0.4002892167915301 0.6318905704276594 -0.18252319475286777 1.809214292578589 8.694105974998902 0.3763394824892109 0.6334474062565112 -0.1686335597293914 0.38455511216931154 0.6392015672347453 -0.16132256292230548 
1737148677.331533 1.8169303248167037 8.692561502838135 0.4002892167915301 0.6270157206640572 -0.18252319475286777 1.8153506261628378 8.69825899506705 0.375792499955384 0.6298772752433689 -0.16664149597127498 0.3797435879079985 0.6354078768373133 -0.15824933979801892 
1737148677.351648 1.8222983191251754 8.696373815917969 0.41428677392558394 0.6216920715841333 -0.19633349952603554 1.8215134755803732 8.702429960832944 0.3752431538444343 0.6262917172659888 -0.16464082426677146 0.38077948527376243 0.6314733574760529 -0.15485953837485184 
1737148677.3716426 1.8299279371738433 8.70157467880249 0.41428677392558394 0.6192561920968687 -0.19633349952603554 1.8276393635333272 8.7065759113838 0.3746971024167467 0.6227276635417887 -0.16265215151783785 0.3767072847017564 0.6279387616636306 -0.1539695819510759 
1737148677.391965 1.8354481170415877 8.70506464996338 0.41428677392558394 0.6151798957545817 -0.19633349952603554 1.8338656902487307 8.710789838062476 0.3741420980454121 0.6191051743469904 -0.1606308729113773 0.37800598316705913 0.6244935393011081 -0.15131722936485087 
1737148677.4119592 1.84346384652853 8.709966535949707 0.41428677392558394 0.6146035018345976 -0.19633349952603554 1.839991505155312 8.714935739176147 0.3735960531289563 0.6155411631213145 -0.1586422238757946 0.37366101125805995 0.6213941362201677 -0.15185158949022445 
1737148677.4315503 1.848538489127159 8.713737841033936 0.41428677392558394 0.6085239919272547 -0.19633349952603554 1.8459937986456736 8.718998042011895 0.37306101870537833 0.6120490168998433 -0.15669367411663235 0.3748459946661938 0.6176174410498892 -0.1476002249939978 
1737148677.4517293 1.8534958521366118 8.717271204376221 0.404172418400162 0.605145230524987 -0.18252179414931785 1.85217622449109 8.723182256943065 0.3725099275843214 0.608452069318012 -0.15468664723407993 0.37687220272912253 0.6139986699347885 -0.1458332078242785 
1737148677.47158 1.8612525845408439 8.722211714172364 0.404172418400162 0.6011239636765835 -0.18252179414931785 1.8582580654813117 8.727298396872047 0.37196780242937505 0.6049136422038269 -0.15271227363575632 0.3727840472418348 0.6107398156996812 -0.14309642161265865 
1737148677.4916022 1.8663065964818 8.725445146942139 0.404172418400162 0.598469390022851 -0.18252179414931785 1.8643924268134977 8.73145008213623 0.3714209956988052 0.6013446586508346 -0.15072085013811498 0.37487693891692825 0.6073167596485739 -0.14187348051239212 
1737148677.5115476 1.8717147084414958 8.728723879241944 0.404172418400162 0.5942513788811168 -0.18252179414931785 1.8705032672136774 8.73558584862721 0.37087628558485675 0.5977893596225933 -0.1487370623394727 0.37631153371320747 0.6040774825158249 -0.13891095870476455 
1737148677.5315068 1.8796928273975848 8.733489389801026 0.404172418400162 0.5895441057937797 -0.18252179414931785 1.8766183443034732 8.739724482474852 0.37033119781946716 0.5942315956799558 -0.14675189916647652 0.37212364439547885 0.6010479713550773 -0.13524803360517895 
1737148677.5516248 1.8850351432800292 8.736923571014405 0.3931502208148146 0.5845487748544718 -0.18305949097394908 1.882782070277481 8.743896041486952 0.36978177357373654 0.5906455277202868 -0.14475094290176185 0.3736037227016019 0.5978140991360872 -0.13148561862014643 
1737148677.5717266 1.8931915322780608 8.742036695861817 0.3931502208148146 0.5793935801502855 -0.18305949097394908 1.8889408290981455 8.74806423877055 0.36923279209176446 0.5870623496602546 -0.1427515991449103 0.36885232432224085 0.5945635652599197 -0.12758161403527613 
1737148677.5915682 1.898373444610834 8.745162363433838 0.3931502208148146 0.5764106552615212 -0.18305949097394908 1.8950198943262049 8.752178500086544 0.36869091436362433 0.5835255374899843 -0.140778126653922 0.3707182666489132 0.5913624302809971 -0.12582635163444614 
1737148677.611482 1.906228357040882 8.749740000152588 0.3931502208148146 0.5739710710850492 -0.18305949097394908 1.9011210195588168 8.756307691432067 0.36814707024349774 0.5799758907654444 -0.13879749273095324 0.36686830791064984 0.5884127255685849 -0.1243558382474175 
1737148677.631484 1.9111514529675244 8.752965326690674 0.3931502208148146 0.5706732473104333 -0.18305949097394908 1.9072492449956968 8.760455223972807 0.36760081045639437 0.5764104770884741 -0.1368080611547899 0.36914058650836623 0.5849632189762128 -0.12251808948901041 
1737148677.6515064 1.916401911573112 8.756245012664795 0.3963743277214501 0.5646929204817946 -0.2133880334401594 1.9133836793742556 8.764606958674175 0.3670539972145928 0.5728414510369577 -0.13481661394379763 0.37084616685529437 0.5815834987742453 -0.11792603565134696 
1737148677.6716044 1.9240454156413673 8.760621424102784 0.3963743277214501 0.5634613159644822 -0.2133880334401594 1.9195412694529574 8.76877436496283 0.3665051199123286 0.5692589529533106 -0.13281764960056097 0.3676463456993714 0.5786386982295366 -0.11764026733550659 
1737148677.6915736 1.9291402143888174 8.763702745819092 0.3963743277214501 0.5594243173919615 -0.2133880334401594 1.925659414490406 8.772915075172195 0.3659597586752058 0.5656994040726622 -0.1308314904668258 0.36975840651630265 0.575430209182495 -0.11482559867629233 
1737148677.7119048 1.936682637361437 8.768372888946534 0.3963743277214501 0.5545727510539137 -0.2133880334401594 1.9318884439215993 8.777130831026675 0.3654045133882967 0.5620753424324734 -0.12880933446638088 0.3665651457679654 0.5721317336940808 -0.11125035182621379 
1737148677.7315865 1.9418853102713822 8.771430368804932 0.3963743277214501 0.5515874014131372 -0.2133880334401594 1.9379184950335833 8.781211919992293 0.3648670046966563 0.558567046771855 -0.1268517736338657 0.36832496543022425 0.5690589713834117 -0.10938020366359127 
1737148677.7516472 1.9469260694921016 8.774463529968262 0.38443288129992365 0.5495280909718011 -0.18262155234790609 1.944064689878145 8.785371614080264 0.36431914314654407 0.5549911784579631 -0.12485650857337394 0.3706193711597568 0.5662057734777323 -0.10817882606744278 
1737148677.7715125 1.9547561323732137 8.778989191436768 0.38443288129992365 0.5449171601053341 -0.18262155234790609 1.9501509866971007 8.789490769677462 0.36377662080646134 0.5514501589338097 -0.12288068846064368 0.36677763190099844 0.5632671465892218 -0.10453070197675593 
1737148677.7916148 1.9600680890023707 8.782066698455811 0.38443288129992365 0.5426481206590349 -0.18262155234790609 1.9564132650007804 8.79340600478358 0.36356439534045304 0.5484245404723486 -0.12124103605435403 0.36887070350251094 0.5604747275280424 -0.10341442918534653 
1737148677.8114946 1.9681065874636172 8.786681051635743 0.38443288129992365 0.5387769331757515 -0.18262155234790609 1.9627162103573508 8.797008722155072 0.3637127555956958 0.5460255956235256 -0.12000219877966548 0.3651500978161976 0.5581209244087055 -0.10065820754671143 
1737148677.831532 1.9732766049444674 8.789817209625244 0.38443288129992365 0.5374556137366624 -0.18262155234790609 1.974079982156858 8.789997683545861 0.3848129310178947 0.5381824707871532 -0.09539222377925588 0.38629933831150876 0.5379152411785452 -0.09493259633737311 
1737148677.8515377 1.978717965120077 8.79284607925415 0.38805655687767415 0.5358899640552094 -0.13861331193317927 1.9808030522619025 8.793804318917989 0.38496586370709956 0.5359009742066666 -0.08745409330075439 0.38930179472563836 0.5356527880625948 -0.08769126929336903 
1737148677.8714826 1.9865862625181674 8.79739462890625 0.38805655687767415 0.530699706276744 -0.13861331193317927 1.9875056911564024 8.797599386038181 0.38511833163840015 0.5336264110265856 -0.07954008656521583 0.38682024990623814 0.533326056674624 -0.07691373616733588 
1737148677.8915956 1.9917818056881427 8.800377722167969 0.38805655687767415 0.5294397231095743 -0.13861331193317927 1.994264816338878 8.801426435972548 0.38527208448861255 0.5313326790336187 -0.07155938477560332 0.39034896960617427 0.5309678164786829 -0.07003129140649479 
1737148677.9116256 1.9970964277625083 8.803314562225342 0.38805655687767415 0.5260169434760523 -0.13861331193317927 2.0009960589281404 8.805237698645449 0.3854252030809791 0.52904840909297 -0.06361160479991668 0.39366571971784353 0.5287309596708942 -0.06089758860507477 
1737148677.931623 2.0047701606988904 8.807640428924561 0.38805655687767415 0.5220086081406612 -0.13861331193317927 2.0077163247493846 8.80904274621829 0.38557807197988336 0.5267678641556763 -0.05567678542339049 0.3917563756001369 0.5264906405282447 -0.051194753035807 
1737148677.9515808 2.010038510942459 8.81042182006836 0.37597752832128084 0.5222031173535892 -0.12105537425758922 2.0144232902531765 8.812840263085953 0.38573063833050486 0.5244918327260976 -0.0477576701305186 0.395242891795524 0.5243828606163362 -0.04557792686777154 
1737148677.9714992 2.017912537837028 8.814976091766358 0.37597752832128084 0.5180017781699929 -0.12105537425758922 2.0211170355619097 8.816630294614125 0.3858829039554236 0.5222202876144283 -0.03985416431838741 0.3927276088622663 0.5220450629770019 -0.035810879511378416 
1737148677.9914954 2.0231819013595578 8.818005438232422 0.37597752832128084 0.5148342864869025 -0.12105537425758922 2.0278369007711827 8.820435115358498 0.3860357637414278 0.5199398786261622 -0.03191981795642913 0.39600487368904486 0.5197226944960335 -0.027031409947298204 
1737148678.0119185 2.0310403937935826 8.8221777633667 0.37597752832128084 0.5122980883261165 -0.12105537425758922 2.0347002651886323 8.824321186060581 0.386191887768242 0.5176107726962247 -0.023816037776248994 0.39424971070761583 0.5176657960034806 -0.01844833009888483 
1737148678.0315323 2.036417298996448 8.825068827056885 0.37597752832128084 0.5102274656979088 -0.12105537425758922 2.0412916140774606 8.828053240231997 0.3863418241358993 0.5153739761559993 -0.016033434487673096 0.39719463532740995 0.5155808043177704 -0.010680095867811448 
1737148678.0515423 2.041846015536785 8.827993269348145 0.40457542308044603 0.5087207102291863 -0.0903323900344394 2.048016126385602 8.831860692186613 0.38649478963154443 0.5130919901590136 -0.008093601156727179 0.4003152695996662 0.5134288122099129 -0.003385499176000603 
1737148678.071643 2.050186493480205 8.832499857330323 0.40457542308044603 0.5068293387821523 -0.0903323900344394 2.054771165325969 8.835685428470592 0.38664844953017596 0.5107996448461278 -0.00011772411570724894 0.39720629049345973 0.5113311787551844 0.004384115857324858 
1737148678.0916452 2.055821270728111 8.835572119140625 0.40457542308044603 0.5053340933906236 -0.0903323900344394 2.061493033595099 8.839491383357311 0.38680135488068057 0.508518556112724 0.007818987319090531 0.3998397015809441 0.5091729285474772 0.011657822475944102 
1737148678.111538 2.064408094668388 8.839963312530518 0.40457542308044603 0.5046280091489593 -0.0903323900344394 2.0681781256852494 8.843276515390547 0.3869534236669575 0.5062499475000499 0.01571227601655506 0.3962704942301786 0.5073073844975762 0.0183916513651719 
1737148678.131487 2.0702237794637677 8.842763777160645 0.40457542308044603 0.5032504925219418 -0.0903323900344394 2.074882126660452 8.847072353727535 0.3871059225821184 0.5039749220932752 0.02362789100162449 0.3988095958769234 0.5054810216385401 0.02585842011822287 
1737148678.1515987 2.075955719733238 8.845663900756836 0.41137516471439245 0.5032196922747728 -0.07089215041592768 2.0816408512309565 8.850899176833432 0.3872596663194307 0.5016813260493359 0.03160811977666911 0.4015138840988956 0.5034861765524956 0.03187460405439191 
1737148678.1715195 2.0847548256158825 8.850156183624268 0.41137516471439245 0.5009857898675159 -0.07089215041592768 2.088335397763633 8.854689662018544 0.38741195017014957 0.4994095090396115 0.03951257161793609 0.39750925288237476 0.5016118964184728 0.04013867816889305 
1737148678.1916428 2.0907058427572247 8.853307123565674 0.41137516471439245 0.4987090988297688 -0.07089215041592768 2.095097968209063 8.858518662677746 0.3875657813913027 0.49711460788500766 0.04749734133283254 0.3996228819682977 0.4995320357669469 0.04832027827001059 
1737148678.2117326 2.099256859207153 8.857894297027588 0.41137516471439245 0.49578324480854924 -0.07089215041592768 2.1018493215192926 8.862341312139808 0.38771935745125347 0.4948235133031755 0.05546886663982778 0.3960665956571638 0.4974318397582817 0.05711746158956024 
1737148678.2315915 2.1051832149267193 8.860894556427002 0.41137516471439245 0.4947275155924985 -0.07089215041592768 2.108523036229453 8.866120002244514 0.387871167431168 0.49255876564288414 0.06334872172356396 0.39815740497662955 0.49550004643101386 0.06412125256207932 
1737148678.2516773 2.111150265717506 8.863861437225342 0.42139175093635756 0.4939286568204835 -0.054228069068320596 2.1152730274589797 8.869941880489781 0.3880247125072585 0.49026813328774566 0.07131863878102834 0.40037497215497175 0.49351731093400386 0.07090729289454872 
1737148678.2716022 2.1201276192903515 8.868379469299317 0.42139175093635756 0.4928618392131733 -0.054228069068320596 2.1219689360723595 8.873733136891689 0.3881770273418377 0.48799585405132756 0.07922469887182618 0.3960362658002689 0.49166505357130613 0.07802791322995903 
1737148678.2915773 2.1260238895654675 8.871439333343506 0.42139175093635756 0.4923432329184175 -0.054228069068320596 2.1286131712511747 8.877465997870278 0.387805845283851 0.4876929006213588 0.08375511399105853 0.3975174807805006 0.49159494550898447 0.08300682658162553 
1737148678.311489 2.134727419400215 8.875815267944336 0.42139175093635756 0.49073244590230614 -0.054228069068320596 2.135164592778279 8.881115928215063 0.38688797687316423 0.48945639054040324 0.08472008796962933 0.39235603822659754 0.493702073912426 0.08768971597974919 
1737148678.3315914 2.140493855857849 8.87867486038208 0.42139175093635756 0.4902735892716618 -0.054228069068320596 2.141778691945598 8.884800777549568 0.3859613271887079 0.4912367518187719 0.08569429388230712 0.3936042677511038 0.49578873126035083 0.09120943587099614 
1737148678.351586 2.1460741768121716 8.881528730773926 0.4165012992060343 0.4892454235835834 0.0 2.148357412369817 8.888465916665846 0.3850396341431378 0.4930075899644057 0.08666328877836132 0.3950992013041876 0.4978387077740234 0.0952565729688013 
1737148678.3716142 2.1542823026418683 8.885879393005371 0.4165012992060343 0.4877116204365812 0.0 2.154947115108967 8.892137174253413 0.3841164024513502 0.49478138429315005 0.08763390128489736 0.39087362812178 0.4997672792742608 0.09968956012257697 
1737148678.391517 2.159782067918777 8.888779039764405 0.4165012992060343 0.487972824903083 0.0 2.1614955557220186 8.895785443870276 0.38319895167320817 0.49654407181963595 0.08859843619776596 0.39240285316540063 0.5016762861982128 0.10230189749289574 
1737148678.4118724 2.1681362400293347 8.89320647277832 0.4165012992060343 0.4893449558689939 0.0 2.1681929635926016 8.899516706179854 0.38226063025815954 0.498346857858458 0.08958491284138442 0.38808570441629175 0.5036439174190432 0.10388387439143376 
1737148678.4316595 2.1738620857238766 8.896066542053223 0.4165012992060343 0.49004102793298204 0.0 2.174703358328927 8.903143779664033 0.38134850979012797 0.500099304322025 0.09054384388936958 0.38919866817416215 0.505676297491253 0.10617911344764051 
1737148678.4516037 2.17974346973896 8.899041529083252 0.4065314591911954 0.48905007619303553 0.015381090826208864 2.181265448390536 8.906799653666644 0.38042914669454425 0.5018656659618055 0.09151038926097987 0.390054586572398 0.5078373617983097 0.11029767486625408 
1737148678.4714966 2.188206360721588 8.90348708190918 0.4065314591911954 0.48941173540485877 0.015381090826208864 2.187810672754215 8.910446131445486 0.3795121465199373 0.5036274877489518 0.09247445044506451 0.3852342148060457 0.5098123758546989 0.11287509089490459 
1737148678.4915485 2.1938553015232083 8.906532164001465 0.4065314591911954 0.4901951520627534 0.015381090826208864 2.1944082200040302 8.914121759369689 0.3785878157951373 0.505403393637061 0.09344621838765897 0.38648781276640565 0.5116739573988723 0.11492502372377793 
1737148678.511487 2.2025324563026425 8.910986776733399 0.4065314591911954 0.4916650351740804 0.015381090826208864 2.2009684273830796 8.917776584491506 0.3776687164674766 0.5071692485025939 0.09441248645461525 0.38133658373684526 0.5137563756682902 0.1165038269488251 
1737148678.5315354 2.2081491509914395 8.913834925079346 0.4065314591911954 0.49204476536014974 0.015381090826208864 2.207564797956295 8.921451556865215 0.3767445505976284 0.5089448376567983 0.09538408108180095 0.38282550341167715 0.5157693182422725 0.11910863396392367 
1737148678.5514934 2.2138777534008023 8.916765566253662 0.40840433053169706 0.49199655061630093 0.0 2.21413143783409 8.925109965663072 0.3758245500628975 0.5107124240010105 0.09635129660632515 0.38399320763500805 0.5177206817096776 0.12207542769970177 
1737148678.5716105 2.2221468249797818 8.921100016021729 0.40840433053169706 0.4927487652732602 0.0 2.220750400598021 8.928797524606292 0.37489721897797346 0.5124940944461852 0.09732621888935916 0.37975547307577207 0.5197351304480272 0.12431258406412615 
1737148678.5916536 2.2277197400569912 8.924126024627686 0.40840433053169706 0.4932031697963452 0.0 2.22734504537889 8.93247153550594 0.373973294895388 0.5142692190573294 0.09829755932061202 0.3811516447180666 0.5215661239425359 0.12666051346680268 
1737148678.6116118 2.2360885600090024 8.928511019134522 0.40840433053169706 0.493941642930125 0.0 2.2339117637017916 8.936129988007165 0.37305328337032695 0.5160368265171351 0.09926478639949679 0.37659809008835643 0.5235791602985755 0.12890230376794734 
1737148678.6315405 2.241719589614868 8.931358690643311 0.40840433053169706 0.4939222550472155 0.0 2.2404687548314683 8.93978302129096 0.37213463464620133 0.5178018156433285 0.1002305807376691 0.3779905506300573 0.525577391096419 0.1318857167868726 
1737148678.6515312 2.2471223930358883 8.934221144104004 0.40229459085662816 0.49481127016114546 0.04613311363790565 2.247046141688874 8.94344741745001 0.3712131284362433 0.5195722948238702 0.10119937920959336 0.37978850200247155 0.5275727849727287 0.13396089402117667 
1737148678.6715524 2.25516395368576 8.938569898986817 0.40229459085662816 0.4972211533639909 0.04613311363790565 2.2536335695199314 8.947117407639954 0.3702902154640294 0.5213454768003989 0.10216965663967244 0.3758555791769592 0.5294728489432291 0.1344213522189106 
1737148678.6916091 2.260583088779449 8.941470022583008 0.40229459085662816 0.4984583968382993 0.04613311363790565 2.26023268567188 8.950793909631484 0.3693656649326269 0.523121805000381 0.1031416556694786 0.3776367938208313 0.5313265559944721 0.1360098148256514 
1737148678.7118094 2.268590048933029 8.945880766296387 0.40229459085662816 0.4996685969362406 0.04613311363790565 2.2668790257780325 8.954496721049562 0.36843449822248936 0.5249108447877386 0.1041206104243566 0.37382326736272825 0.5331766706897976 0.13762868417791357 
1737148678.731698 2.273959324741363 8.948792810821534 0.40229459085662816 0.5012865902869628 0.04613311363790565 2.273422838129792 8.958142412167811 0.36751769587382466 0.5266722864941993 0.10508446362995072 0.37556327543177603 0.5349767123764543 0.13877458571944223 
1737148678.751572 2.2794909636020657 8.951711531066895 0.3909050593432306 0.5031549270811299 0.059394072725001176 2.2799617868849382 8.961785393677344 0.3666015749256277 0.5284324190338539 0.1060476004651886 0.37702096954368985 0.5370914843499137 0.13998415773397246 
1737148678.7716389 2.2876908639907834 8.955931063079834 0.3909050593432306 0.5056980659996031 0.059394072725001176 2.2865642761764726 8.965463774913628 0.36567655181002984 0.5302096552043628 0.10702009633249988 0.3729873019874986 0.5392076198906443 0.14052965022354102 
1737148678.7916863 2.2933345297813412 8.958943243408203 0.3909050593432306 0.5087065579042991 0.059394072725001176 2.292948250157958 8.969224451360123 0.36510676702803646 0.532187401939952 0.10732951782900489 0.3743838619839086 0.5414531355196611 0.14007609544436694 
1737148678.811502 2.30140139260292 8.963152285003662 0.3909050593432306 0.5108596985794888 0.059394072725001176 2.300215188031964 8.963153603671746 0.39057351848276733 0.50977107332937 0.10730694443841254 0.38860750873953875 0.5103645596453776 0.10681180550430142 
1737148678.8315415 2.3068884173870083 8.966126795196534 0.3909050593432306 0.5128060702317101 0.059394072725001176 2.3069158858787975 8.967097025156445 0.3903495611527465 0.5117989440250608 0.1125015721024906 0.3912978801523734 0.512650768908196 0.11234627077897655 
1737148678.8514876 2.3122657398223874 8.969179983520508 0.3924348492605834 0.5140892703174826 0.11917425082694355 2.3135853331479415 8.971022055392607 0.39012664831034494 0.5138173571788405 0.11767197316822095 0.3940303659954188 0.5147914054890647 0.11837410833980297 
1737148678.8716092 2.320489482069015 8.973832006835938 0.3924348492605834 0.5155291562538076 0.11917425082694355 2.3203134549711146 8.974981616136226 0.3899017743891481 0.5158535273500859 0.12288786090840001 0.39068828949752227 0.5169613216438853 0.12432002629847774 
1737148678.8914983 2.3259101072788235 8.976759310150147 0.3924348492605834 0.5188831391094121 0.11917425082694355 2.3269638489543714 8.978895433340755 0.3896794983644531 0.5178661742984658 0.12804349116544392 0.3934282183558658 0.5192262957485093 0.12838664780454115 
1737148678.9114852 2.3344769934654233 8.981335516357422 0.3924348492605834 0.5215876043316879 0.11917425082694355 2.333646928490824 8.982828486289927 0.38945612989097267 0.5198887130636404 0.133224460466678 0.3894965821900133 0.5216297117527364 0.13326656788772648 
1737148678.9315732 2.3400677899360653 8.984278078460694 0.3924348492605834 0.5233369009931569 0.11917425082694355 2.3403638096725325 8.986781431814046 0.38923163166557767 0.5219214814149636 0.13843163404775752 0.39209045830217304 0.5239829511838915 0.13907768423849212 
1737148678.951558 2.3456551293373105 8.98739182510376 0.40005502643092333 0.5235940753307714 0.12004964643367867 2.347046251442093 8.990714109431615 0.38900828450817115 0.5239438271690788 0.14361210892861714 0.3944549036857908 0.5261241563389766 0.14614218993682232 
1737148678.9715426 2.3541188100814816 8.992153044128418 0.40005502643092333 0.5256983075510014 0.12004964643367867 2.353728533769931 8.994646693216284 0.3887849426797831 0.5259661246704292 0.14879246020438316 0.3905223162830333 0.5283183402337693 0.15141249288715106 
1737148678.991571 2.3597249547481534 8.995323534393311 0.40005502643092333 0.5278105670114281 0.12004964643367867 2.3604254847362762 8.998587909627815 0.38856111058169623 0.527992861426146 0.15398418314876136 0.392835589645398 0.530459422353461 0.1566330384907942 
1737148679.0117493 2.3681146661281582 9.000059481048584 0.40005502643092333 0.5311777610714523 0.12004964643367867 2.367172580124475 9.002558636486619 0.38833560250730204 0.5300347736764088 0.1592147798950801 0.3891918549538316 0.5326669346986144 0.16070395352224215 
1737148679.031751 2.3735993067264554 9.00318419494629 0.40005502643092333 0.5333592266470457 0.12004964643367867 2.373860602354338 9.006494598255712 0.3881120688342492 0.5320588082772939 0.16439958095421608 0.39173075148432623 0.5347786577608373 0.1658190120680077 
1737148679.0519106 2.3789685825347897 9.006356115722657 0.40005502643092333 0.5354818031183125 0.12004964643367867 2.3806014795153434 9.010461665631386 0.38788676859157517 0.5340988386697275 0.16962535710188398 0.39452816265644725 0.5368009693521255 0.17094452333569699 
1737148679.0715988 2.3871545056343075 9.011131639862061 0.40428537930656966 0.5389056331041169 0.1519210876467121 2.3871846688123957 9.01433593226827 0.38766673874816326 0.536091147077722 0.17472888781197105 0.3908257008965267 0.5388014648014645 0.17462471950931868 
1737148679.0916235 2.3926733592987057 9.014336462402344 0.40428537930656966 0.5407778889268084 0.1519210876467121 2.393880423965819 9.018276444933049 0.3874429466177149 0.5381175219377023 0.17991968371814715 0.3932489421580112 0.5408527307246573 0.17999452551599604 
1737148679.1117735 2.4008694449901578 9.01926028289795 0.40428537930656966 0.5455964823364364 0.1519210876467121 2.400618032571505 9.022241588734259 0.3872177556199194 0.5401565631484565 0.18514292596139603 0.3897211178923705 0.542814229868733 0.18236067349369256 
1737148679.1317394 2.4061664799690243 9.022522802734375 0.40428537930656966 0.5451978030035441 0.1519210876467121 2.4072940966721497 9.0261705130358 0.3869946216232515 0.5421769787919776 0.19031845663851124 0.39240604013799985 0.5446927510087757 0.18981340464374277 
1737148679.1515956 2.411733345174789 9.025928373718262 0.4046874272691723 0.5474669311482494 0.15187732854411107 2.413933489176526 9.03007785577018 0.3867727133008306 0.5441862962995826 0.19546555814409602 0.394430829606265 0.5465693867400755 0.1945680137359221 
1737148679.1714847 2.420074866199493 9.030893679046631 0.4046874272691723 0.5513646613262899 0.15187732854411107 2.420583883159783 9.03399167297471 0.38655043727613553 0.5461989432479625 0.20062118840113993 0.3904343440934241 0.5485541851796979 0.1978107122545479 
1737148679.1915472 2.425530360126495 9.034228201293946 0.4046874272691723 0.5523107666735221 0.15187732854411107 2.427292234209316 9.037939598438642 0.3863262241532284 0.5482291300763662 0.2058217491097113 0.3928582995008092 0.5504523135474562 0.20396329598364538 
1737148679.2116718 2.433683023834228 9.03935420074463 0.4046874272691723 0.5560531934686531 0.15187732854411107 2.434021392403688 9.041899769096116 0.3861013155934116 0.5502656138905831 0.2110384402829988 0.3891783766844373 0.5522353966912218 0.2072206435055675 
1737148679.2316108 2.4392031291961667 9.042699690246582 0.4046874272691723 0.5586135664770757 0.15187732854411107 2.4406884480469886 9.045823391838768 0.38587848268628694 0.5522833032528901 0.216206987272325 0.39139462309245404 0.5541415756252199 0.21173499642046922 
1737148679.2516572 2.4447826007843014 9.046030397796631 0.4062014176598433 0.5601847287215849 0.13976328782610925 2.4473914577988043 9.049768173900526 0.3856544480854984 0.5543118736136712 0.22140340721026042 0.39360699614804784 0.5560892151173003 0.2173078936059758 
1737148679.2716196 2.4527611593246457 9.051052446746827 0.4062014176598433 0.5636703080408872 0.13976328782610925 2.4540663260865268 9.053696394455311 0.385431354056469 0.5563319273614559 0.22657801084917356 0.3901898653184193 0.5578641797483149 0.22077188255660124 
1737148679.2917964 2.4580917219161984 9.054473753356934 0.4062014176598433 0.5652223400138321 0.13976328782610925 2.460460532941493 9.057807548508258 0.3845655711163016 0.5598534305482302 0.22966526876894952 0.39174295252494123 0.5613963574298033 0.22583928618492075 
1737148679.3114886 2.4661578396797177 9.0596946434021 0.4062014176598433 0.5687223006615336 0.13976328782610925 2.4663194262881873 9.061972347330043 0.3830270670026244 0.5648930869216513 0.2303572443462508 0.3856030614392671 0.5667023860771444 0.22833732976186158 
1737148679.3315854 2.471368835353851 9.063049192810059 0.4062014176598433 0.5722640350495197 0.13976328782610925 2.4708173981198898 9.063814394684687 0.4023912243100192 0.5762700539888354 0.2175346290894479 0.4023049232046731 0.5771977715325518 0.22246836557247998 
1737148679.3518941 2.476662979507446 9.066405172729493 0.4062014176598433 0.5758299609427564 0.13976328782610925 2.477189158511267 9.06838264751715 0.40081142440477063 0.5812017748418283 0.21693997576973428 0.4037097808970682 0.5825448445043568 0.22365485933133472 
1737148679.371844 2.4846244911193844 9.071444864654541 0.4002202122808036 0.5803554407976967 0.18249173019368942 2.48344834098751 9.072870187273779 0.39925953681397475 0.586046360771731 0.21635582893909883 0.39889553078037143 0.5878833269417664 0.22388371508316846 
1737148679.3916802 2.489791617774963 9.074912424468994 0.4002202122808036 0.582867239408811 0.18249173019368942 2.4896718426228763 9.07733214554391 0.3977164958504174 0.5908633298522555 0.21577501207211144 0.4000885802030891 0.5929383902890949 0.22584616295239532 
1737148679.4116275 2.4949529031753537 9.078410501861573 0.4002202122808036 0.586723551670813 0.18249173019368942 2.4959302022705034 9.08181909537108 0.3961648122698933 0.5957072789156106 0.21519094203309053 0.40133546061229164 0.5979791368832758 0.22644652724555325 
1737148679.4315786 2.5029315809249875 9.083757276916504 0.4002202122808036 0.5922493697563836 0.18249173019368942 2.5021897587597537 9.08630690327746 0.39461283194715574 0.6005521543303076 0.21460676029717574 0.3961874371194445 0.6030734654447797 0.22543085598557178 
1737148679.4515436 2.508153126621246 9.087169523620606 0.4002202122808036 0.5954121226010309 0.18249173019368942 2.508453653799886 9.090797821720981 0.39305977593389446 0.6054003877686187 0.21402217366002074 0.3974522596176244 0.6082112617748786 0.22682131283386842 
1737148679.4715612 2.5161496261596676 9.092408533477784 0.4002202122808036 0.6018971771669094 0.18249173019368942 2.5147340802149314 9.095300592383614 0.39150262116880985 0.6102614164348388 0.2134360442095194 0.3924475505734422 0.6134409159559712 0.22497978299858118 
1737148679.4916003 2.5215364555358883 9.095928545379639 0.4002202122808036 0.6046399626214467 0.18249173019368942 2.5210212388641047 9.099808189741811 0.3899437972287746 0.6151276558273565 0.2128492864639901 0.3933978472145327 0.618591552079796 0.22680087592233938 
1737148679.511492 2.529506669425964 9.101351137542725 0.42314771758449665 0.6091663257988467 0.2186493823523857 2.527262169505602 9.104282643790462 0.3883964349567338 0.6199581148992964 0.21226684301098594 0.3881616153101884 0.6234462613403643 0.22654677855250357 
1737148679.5315263 2.534872756385803 9.105272646331787 0.42314771758449665 0.6148015723886153 0.2186493823523857 2.5335478321027467 9.108789168549643 0.3868379819444654 0.624823196352637 0.21168022488657398 0.38870445116119 0.6282519176212018 0.22513057011916046 
1737148679.5515568 2.5394680360794064 9.109150762939453 0.4156684167400623 0.6230891304384588 0.19940116820826861 2.539832297858269 9.113294835229615 0.3852798256744104 0.6296873514546356 0.21109371845905586 0.3904758554666984 0.6327039551152366 0.22070854313583363 
1737148679.5716364 2.547703431034088 9.114898558044434 0.4156684167400623 0.6288190362484147 0.19940116820826861 2.546132172949683 9.117811549679434 0.3837178488483572 0.6345634333301603 0.21050577393402936 0.384594712813302 0.637717286621044 0.21940402430665862 
1737148679.5917776 2.5531442026138302 9.118649835968018 0.4156684167400623 0.6313906956205437 0.19940116820826861 2.552451347112263 9.12234210065654 0.3821510870541121 0.6394544526210719 0.20991602829658945 0.38528109381305087 0.6427033955057526 0.22122872818179834 
1737148679.612156 2.5610518912315365 9.124354238891602 0.4156684167400623 0.6377093609331125 0.19940116820826861 2.558844949863254 9.126926013434614 0.380565871603468 0.6444030793860531 0.209319336508563 0.38014894838485525 0.6476573769784264 0.21926735255387692 
1737148679.6316068 2.5661793807983395 9.128045435333252 0.4156684167400623 0.6417479079306977 0.19940116820826861 2.5649475704947293 9.13130130570438 0.3790528016034692 0.6491264869810535 0.2087498010278549 0.38092780090988315 0.6523389247809998 0.21934081787815696 
1737148679.6517482 2.5711176256179806 9.131786699676514 0.4156684167400623 0.6451972608352712 0.19940116820826861 2.5712668194599106 9.135831910311436 0.3774860212628358 0.6540175641689239 0.20816004840935912 0.3823867507743434 0.6570196583750777 0.21998244594916563 
1737148679.6718626 2.578646049880981 9.137462492370606 0.4156684167400623 0.651525341378084 0.19940116820826861 2.577577615731132 9.140356454734063 0.37592133666408484 0.6589020990004427 0.2075710846501762 0.3776826887146961 0.6617334851456564 0.2177792284177486 
1737148679.6916258 2.5834979275703427 9.14109980621338 0.41675422204118506 0.6548588992845007 0.18450759419418386 2.583778227770465 9.144802002239274 0.3743839708953598 0.6637013516115549 0.20699240398628377 0.37913660835041774 0.6663346570685698 0.21846816177035283 
1737148679.7118688 2.5909257391929623 9.146673555755616 0.41675422204118506 0.661123932221108 0.18450759419418386 2.5901293426438503 9.149355453205338 0.3728092897932932 0.6686170929039014 0.20639967743798915 0.3747806666635699 0.6711107568274063 0.21638650204428744 
1737148679.7315085 2.5957842926025387 9.1502708152771 0.41675422204118506 0.6642455721031564 0.18450759419418386 2.5962912069356485 9.153773220396076 0.3712815310537286 0.6733863548903221 0.20582461296103524 0.37618425840560915 0.6757107420453627 0.2172897829032416 
1737148679.751538 2.600811348342895 9.154233808898926 0.3942616773606868 0.6678578063778722 0.22770890145580586 2.6025753734807653 9.158278672556243 0.36972344896922693 0.6782502784044853 0.20523813445774058 0.3771548434991109 0.6803228238556028 0.21770315193547124 
1737148679.771488 2.6081612566947934 9.160028810882569 0.3942616773606868 0.672967254597604 0.22770890145580586 2.608834555957008 9.16276621231287 0.3681715613784311 0.6830948643343879 0.20465398762710513 0.3724464647783551 0.6848177866572333 0.2165045196867344 
1737148679.7915704 2.613144443416595 9.163953657531739 0.3942616773606868 0.6770227889303753 0.22770890145580586 2.614659963415399 9.167396699168107 0.3668025874144066 0.6877815766469086 0.20435381387378027 0.37317995537317583 0.6895044896172924 0.21683551456069738 
1737148679.8115025 2.6206107596397397 9.169924612426758 0.3942616773606868 0.6822518929376515 0.22770890145580586 2.61912389374741 9.169469085542651 0.39255095487749153 0.6810407744535332 0.18935689000159622 0.3898112076249979 0.6816314751711116 0.18873647223505624 
1737148679.831491 2.625461862468719 9.173822756195069 0.3942616773606868 0.6853406114190377 0.22770890145580586 2.6248054175274813 9.174492625853402 0.39140312124680743 0.6851157186344154 0.18980446708885407 0.3912426721002596 0.6860633981809608 0.19052725385077723 
1737148679.8515375 2.6303535560607907 9.177822943115235 0.3942616773606868 0.6895181758774727 0.22770890145580586 2.6305034089031367 9.179530726629519 0.39025196068117424 0.6892024738250542 0.19025334145457992 0.3925351266628993 0.6904429620753961 0.1911781276525034 
1737148679.8718956 2.637578711891174 9.183783884429932 0.3942616773606868 0.6948240232191075 0.22770890145580586 2.636289972901953 9.184647142336647 0.38908290586048605 0.6933527557224894 0.19070919336334174 0.38824794418925884 0.6948620021964195 0.1907471723406537 
1737148679.8916354 2.64237372674942 9.187789316558838 0.3942616773606868 0.6983524705437886 0.22770890145580586 2.6419008147799916 9.189608186493574 0.3879493520370111 0.6973770049108783 0.19115120229651658 0.3894799804473856 0.6990996414650618 0.19189837321778977 
1737148679.9117649 2.647190437698364 9.191780443572998 0.3959633955614446 0.7015902320207189 0.20754127972633962 2.647622389378952 9.19466713929417 0.3867934269719448 0.7014806746340077 0.19160193449313495 0.3909599179681589 0.7034266610589723 0.19343836353138838 
1737148679.9316907 2.6541013578414914 9.197649355316162 0.3959633955614446 0.7061594155886534 0.20754127972633962 2.6532860902057784 9.19967492074734 0.3856491940980162 0.7055428357055651 0.19204810753003437 0.3869655932547623 0.7076345807995703 0.19352327274095132 
1737148679.9516523 2.6587718585968014 9.201629038238526 0.390047347139581 0.7098706363615579 0.2276690357382732 2.658959956215064 9.204691690142095 0.3845029075605388 0.7096122875238858 0.1924950813561116 0.38856535989305946 0.711869260159288 0.19449370515384168 
1737148679.9716418 2.665796564006805 9.207602854156494 0.390047347139581 0.7156148571846735 0.2276690357382732 2.6646417510666676 9.209715470131286 0.38335501916549336 0.7136874261246818 0.1929426797977475 0.3843239951812958 0.7161004709970573 0.19342829361013128 
1737148679.9916835 2.670486734294891 9.211758013153077 0.390047347139581 0.7181849562007007 0.2276690357382732 2.6703383870846618 9.214752372515191 0.3822041324216667 0.717773209215752 0.193391447391583 0.3857337071169809 0.72018638528278 0.19539287647366235 
1737148680.0114782 2.677988276863098 9.218113298797608 0.390047347139581 0.7227905372068889 0.2276690357382732 2.6759648155758042 9.219727198182548 0.3810674296474169 0.7218086375491779 0.19383468420149716 0.3802077543872429 0.7244220585949008 0.19546620558950908 
1737148680.0316145 2.6827854970932004 9.222453470611573 0.390047347139581 0.7260207337787293 0.2276690357382732 2.6816883554433737 9.22478788865185 0.37991110754073115 0.7259137168166814 0.19428557121735657 0.3812963718276732 0.7284510432517803 0.19671588069040757 
1737148680.051542 2.6876504281997677 9.226720209503174 0.40015617151908434 0.731800976856824 0.18156095748776163 2.6873525306453816 9.229796089542294 0.3787667788291703 0.7299762181230879 0.19473178162441762 0.3822421886944185 0.7324660102946128 0.1953968150622064 
1737148680.0715797 2.6948999027252194 9.232890482330323 0.40015617151908434 0.7376970843333025 0.18156095748776163 2.6930480146093636 9.23483197329282 0.3776161248338792 0.7340611749295249 0.1951804584621463 0.3774748291250059 0.7367421632208871 0.19422553734973094 
1737148680.0917869 2.6996165970802304 9.23703896560669 0.40015617151908434 0.7409629320355074 0.18156095748776163 2.698791681538202 9.23991045988646 0.37645573647336683 0.7381806898756196 0.19563293104057777 0.3789678453390276 0.7408587865502628 0.19552878555533315 
1737148680.1114907 2.7065427760124203 9.243396158599854 0.40015617151908434 0.7468896379133361 0.18156095748776163 2.7043922904658984 9.244862456182192 0.37532425000453096 0.742197599712267 0.1960741338459803 0.37419605844048237 0.7447307773710737 0.19391527330371797 
1737148680.131638 2.7110632518768307 9.247768278503418 0.40015617151908434 0.7510075593794859 0.18156095748776163 2.7101189476560887 9.249925902953578 0.3741672981076902 0.7463049148087778 0.19652526643718757 0.37563325798964 0.7485292930172366 0.19404700007493822 
1737148680.1516304 2.71568481721878 9.252110834503174 0.40042298997558207 0.7552523560893862 0.21141327543519672 2.715801555722289 9.254950401978096 0.37301924541956094 0.7503806366693149 0.1969729289419577 0.37686049808809796 0.7523758611419434 0.1940964339945149 
1737148680.1716228 2.72269062795639 9.258513327026368 0.40042298997558207 0.760391462926452 0.21141327543519672 2.7214841637884892 9.259974901002614 0.3718711927314316 0.7544563585298519 0.19742059144672786 0.37210287163114986 0.7563456239576407 0.19337475247791658 
1737148680.1915765 2.727455423259735 9.262646074676514 0.40042298997558207 0.7643015602371074 0.21141327543519672 2.727155793457634 9.264989693050222 0.37072535799993495 0.7585242063838847 0.19786738909918594 0.3733750031296214 0.7604294099388397 0.19399523880091823 
1737148680.2115135 2.7343692044258114 9.26885163345337 0.40042298997558207 0.7689179167419783 0.21141327543519672 2.7328226793749644 9.270000290725088 0.36958048164476104 0.762588651889428 0.19831381305002774 0.3689635107980989 0.7644855131253381 0.19388140943338752 
1737148680.231548 2.738766537094116 9.273051138305664 0.40042298997558207 0.7718237975094028 0.21141327543519672 2.7385172823564665 9.275035395520677 0.36843000563364414 0.7666729768311457 0.19876242048602769 0.37070436170756593 0.7682733090413683 0.19521193201799317 
1737148680.2515411 2.742972598457336 9.277345056915284 0.39205084467782464 0.7748983761075962 0.21137090176846135 2.7442000937263162 9.280060074304027 0.3672819118722438 0.770748844506618 0.19921009900658138 0.3725487998397988 0.7718635583340584 0.19617528123304362 
1737148680.271541 2.7493699649810788 9.28386866607666 0.39205084467782464 0.7796682003119888 0.21137090176846135 2.7498848703647742 9.285086490756083 0.3661334210692241 0.7748261217264645 0.1996579323463761 0.36845120786614216 0.7753464257386591 0.1953361577730464 
1737148680.2915416 2.7536557177543637 9.288143034362793 0.39205084467782464 0.7819572143410044 0.21137090176846135 2.7551046478363572 9.29018224181097 0.3649763360337529 0.7790383834870228 0.1996747582250686 0.36965750063062547 0.7794802311356888 0.19719777501975297 
1737148680.3114855 2.7601069668769833 9.294508810424805 0.39205084467782464 0.7871820107403834 0.21137090176846135 2.7591098187119725 9.2942964991298 0.39031441428195335 0.7869893516125995 0.18551099199866272 0.38869118189303453 0.7875569550536117 0.185885936311891 
1737148680.3315754 2.7644576291084286 9.298720713043213 0.39205084467782464 0.7911761157028505 0.21137090176846135 2.7642234844710285 9.299883505922088 0.389143873252073 0.7910551369152018 0.18449451466082062 0.39040211176303014 0.7920591426116247 0.1853775415695948 
1737148680.3516307 2.7688431600570675 9.302873964691162 0.38755518055404564 0.7946725462527575 0.21516371043114413 2.769328350620113 9.305460898577865 0.38797534649238635 0.7951139258033768 0.1834797864799512 0.39212999329213233 0.7966259482014267 0.18543318842862042 
1737148680.3719099 2.7753708223342892 9.309237833404541 0.38755518055404564 0.798349043302012 0.21516371043114413 2.7744902018296367 9.311100551055603 0.38679377559675565 0.7992180225063596 0.18245373099978987 0.38816403342493616 0.8012100468219899 0.18531473451976785 
1737148680.3917997 2.779548571491241 9.313514109039307 0.38755518055404564 0.8017960019987713 0.21516371043114413 2.7795529512247863 9.316631928464902 0.38563488955096165 0.8032433251075521 0.18144737464608615 0.38990354161183954 0.8054745274082467 0.18512590005556148 
1737148680.4117274 2.785955951595306 9.320035810852051 0.38755518055404564 0.8070854298928131 0.21516371043114413 2.7846253498474227 9.32217384827217 0.38447379475371385 0.8072762996390477 0.18043910025128826 0.385660274031654 0.8097942543398821 0.18314792469835725 
1737148680.4316013 2.7901778677940365 9.324362154388428 0.38755518055404564 0.8108817624721932 0.21516371043114413 2.789684033215896 9.327700783287357 0.3833158394396646 0.8112983694142635 0.1794335521287374 0.38726988993644074 0.8140406380240826 0.18259242768062672 
1737148680.4516432 2.794428751850128 9.328860159301758 0.38460569400286776 0.814282735772228 0.24248624049394307 2.7947855008949225 9.333274462897307 0.38214809060501825 0.8153544562389357 0.17841949948435396 0.38871841136534263 0.8182319827557955 0.18236874646792142 
1737148680.4715278 2.80077456035614 9.335656042480469 0.38460569400286776 0.8190444809075104 0.24248624049394307 2.7998469151768353 9.338804381610032 0.380989510172633 0.8193786973151806 0.177413408519984 0.3841573412750509 0.8223189927439909 0.18068792035646453 
1737148680.4915633 2.80518232383728 9.340345735931397 0.38460569400286776 0.8217220685041069 0.24248624049394307 2.8049467443077982 9.344376271001462 0.37982213640898826 0.8234334813592353 0.17639968158069202 0.3851349230835185 0.8264624194013106 0.18114003247789573 
1737148680.5115569 2.81186436214447 9.347422953033448 0.38460569400286776 0.8255842953806393 0.24248624049394307 2.8100358925328637 9.349936490820296 0.3786572075526131 0.8274797732037095 0.17538807775607032 0.3798221923085522 0.8306488948398583 0.18045267721528932 
1737148680.5316465 2.816384122753143 9.352125521087647 0.38460569400286776 0.8280015472631524 0.24248624049394307 2.815149497604955 9.355523431308194 0.3774866804142514 0.8315455102551776 0.17437161248137978 0.38067705704622873 0.8348752921695942 0.18124535738782155 
1737148680.5516047 2.820867047691345 9.356827612304688 0.39822269846792036 0.8306899271846508 0.18343710108034425 2.820229664159153 9.361073838077347 0.3763238075026257 0.8355846609318227 0.17336179400318533 0.38149527347197326 0.8389203412568759 0.18159220807541035 
1737148680.5716202 2.8273318866729733 9.363831396484375 0.39822269846792036 0.835666022189758 0.18343710108034425 2.8253243955850285 9.366640157900038 0.37515760062654147 0.839635391880623 0.17234908036862234 0.3765832934455224 0.8430203010950168 0.1797033592738811 
1737148680.5916293 2.8316287259101864 9.368542070770264 0.39822269846792036 0.8393962759899846 0.18343710108034425 2.83041748846284 9.372204687504205 0.3739917688214588 0.8436848200488059 0.17133669243915084 0.37766102447845806 0.8470392186600487 0.178979635109215 
1737148680.6115103 2.8359234193801877 9.373231287384034 0.39822269846792036 0.842922889194944 0.18343710108034425 2.835477992440273 9.377733611651085 0.3728333967618522 0.8477083373580411 0.1703307824220539 0.37868713313868474 0.8510362798752955 0.17844417310240546 
1737148680.6316662 2.8422676781654355 9.380284662628174 0.39822269846792036 0.8475156922716994 0.18343710108034425 2.840608468488724 9.383338984759328 0.37165900778132593 0.8517874882247559 0.16931096359123646 0.37394930655943176 0.8550622103543621 0.17685748167389917 
1737148680.6515656 2.8464634279251095 9.38508355178833 0.405859240345132 0.8514973511443084 0.19046342636001878 2.845673645362487 9.388873014344219 0.37049956607478884 0.8558147208713077 0.16830412471147133 0.37495247672789317 0.8588509898477076 0.17565776341487055 
1737148680.671555 2.8527335981369015 9.392120237731934 0.405859240345132 0.8573192199484864 0.19046342636001878 2.8507617619091423 9.394432106988427 0.36933487337422954 0.8598601924465041 0.16729272596042571 0.37021858575875377 0.862819590716643 0.1727930967285824 
1737148680.6915329 2.8567767600059506 9.396799440765381 0.405859240345132 0.8622473898353492 0.19046342636001878 2.8558469047944968 9.39998795071754 0.3681708613580805 0.8639032997161356 0.16628191830380534 0.3716299453157543 0.866641091480263 0.17067561994871916 
1737148680.7114801 2.8607740859031674 9.40169846572876 0.405859240345132 0.8664579200485192 0.19046342636001878 2.8609242797482897 9.405535307484765 0.3670086274563094 0.8679402308406173 0.16527265473058153 0.37275534617696604 0.8702716111558603 0.16908634583792262 
1737148680.7316737 2.8668324212074277 9.408832903289795 0.405859240345132 0.8706295910205714 0.19046342636001878 2.8660643443372615 9.411151156686588 0.3658320436158479 0.8720270053865011 0.16425092992182147 0.36826565484439805 0.8740763265094819 0.16769766541073197 
1737148680.7515283 2.8708064416885373 9.41371714630127 0.4007303327480076 0.8735870548964438 0.2421934098893314 2.8711181120615437 9.416672721046206 0.36467521351480336 0.8760451668198646 0.163246358914545 0.3693682765335831 0.8776948661016296 0.16735417011973078 
1737148680.7716916 2.876843438529968 9.420692797088623 0.4007303327480076 0.8783713997385424 0.2421934098893314 2.8762504694059197 9.422280149590533 0.36350039389720123 0.8801258134717328 0.16222616612602997 0.36510742675827 0.8815914378549942 0.16544620424248174 
1737148680.7916272 2.8807664970397946 9.425342436218262 0.4007303327480076 0.8833249491289569 0.2421934098893314 2.880870445010756 9.427810045408954 0.36228142693878057 0.8839146856019007 0.1616051822023048 0.36603191040180155 0.8853963864987587 0.16367661957210666 
1737148680.8114815 2.8867606977462765 9.432391996765137 0.4007303327480076 0.8878106558263265 0.2421934098893314 2.885014240794146 9.433303086249369 0.3610096493383398 0.8874408363612402 0.16137690459275725 0.36025687228241937 0.8893668827558101 0.1629331315222409 
1737148680.8315616 2.8907192210197445 9.437140818023682 0.4007303327480076 0.8909812638216184 0.2421934098893314 2.8892051596589754 9.438858593732546 0.35972340913342443 0.8910070863672814 0.16114603101928004 0.3604532752671809 0.8932603058273644 0.16342507302502607 
1737148680.8515725 2.8944278220176693 9.441870565795899 0.4007303327480076 0.8946854768382292 0.2421934098893314 2.8933816480131216 9.444394972043176 0.358441597814779 0.89456105677296 0.16091595240835785 0.3609384098869387 0.8969525608389551 0.1631830364090838 
1737148680.8716118 2.9002667526245114 9.448873873138428 0.4007303327480076 0.8968780794354219 0.2421934098893314 2.897564057852686 9.449939199910816 0.3571579691255608 0.8981200660491323 0.16068554758866307 0.3555415523880636 0.9008927133902537 0.1647001815434949 
1737148680.891712 2.903455064678192 9.453426237487793 0.4007303327480076 0.9015743925197801 0.2421934098893314 2.9017591565895753 9.455500248257762 0.35587044607082935 0.9016898729049339 0.16045444375016993 0.3569626758784742 0.9043018065137943 0.16318185774418414 
1737148680.9115303 2.907448277854919 9.45805775680542 0.37999921713479706 0.9027564379441746 0.21144161434906297 2.9058954385553335 9.46098332873592 0.35460097454565326 0.9052096298033948 0.16022658006940102 0.357151169107177 0.9083969878711855 0.16586712999641193 
1737148680.9316494 2.9123216728210446 9.46450888671875 0.37999921713479706 0.9097137110311748 0.21144161434906297 2.9100945181227567 9.466549654095983 0.3533122297291922 0.9087828241351584 0.1599952569308927 0.35376941099167136 0.9119524562359325 0.16223400213565034 
1737148680.9515448 2.9160203794479367 9.469179029846192 0.37969239171643654 0.9117172777999345 0.211270888571598 2.914246872691794 9.472054040514598 0.3520378253410327 0.9123162579678166 0.1597665078263125 0.3542963104069231 0.91564733266998 0.163696562696358 
1737148680.9715362 2.92127780714035 9.475889559173584 0.37969239171643654 0.9157840832243148 0.211270888571598 2.9184192806946427 9.477585009886784 0.3507572663281601 0.915866756210634 0.15953665399790587 0.3500039320416435 0.9193430045229639 0.16309557529655497 
1737148680.9917595 2.9248952130317685 9.480658407592774 0.37969239171643654 0.9184457337015646 0.211270888571598 2.922640105548855 9.483180160930994 0.34946184763825094 0.9194584546298408 0.15930413293306464 0.3506746596169889 0.9229583707136281 0.16381676994512814 
1737148681.0115728 2.9302808503150937 9.487855310821534 0.37969239171643654 0.9216205168831573 0.211270888571598 2.926775342546598 9.48866185619321 0.34819269682552884 0.9229773223158617 0.15907632681854972 0.34539541792483863 0.9264348516311013 0.16389066156649373 
1737148681.0316513 2.9336585859298703 9.492541189575196 0.37969239171643654 0.9252135262505504 0.211270888571598 2.9309659130887558 9.494216901937737 0.3469065635247649 0.9265432759177563 0.15884547243382383 0.3463794858513363 0.9298715978862222 0.1635035440694956 
1737148681.0517044 2.937181935691833 9.49729811706543 0.3676059602527258 0.928193543490334 0.1816076178789636 2.935151209030457 9.499764955639886 0.34562204905829264 0.9301047411140011 0.15861490862161806 0.3470731800609141 0.9334806810978726 0.1639020462291567 
1737148681.0716333 2.9427615264892575 9.50430142440796 0.3676059602527258 0.9319222462980848 0.1816076178789636 2.9393105798133092 9.505278642794117 0.3443454913150847 0.9336441453730424 0.15838577300076112 0.3419372125024403 0.9372949984820305 0.16375852518470674 
1737148681.0915632 2.9459911445617672 9.50880181350708 0.3676059602527258 0.9352515826174106 0.1816076178789636 2.943470149637688 9.510792593799005 0.3430688724837902 0.9371837190058819 0.1581566264149034 0.34328124921844966 0.9406769188615169 0.16358196265900976 
1737148681.1114924 2.9512244323730465 9.515681143188477 0.3676059602527258 0.9390241222395056 0.1816076178789636 2.9476295701809216 9.516306346915899 0.3417922994685606 0.9407231656083728 0.1579274880527963 0.33872769534979846 0.9442845346374539 0.16318790045074458 
1737148681.13153 2.9543608287811276 9.520200605773926 0.3676059602527258 0.9443383659349568 0.1816076178789636 2.9518116316978142 9.521850113044891 0.3405087776834937 0.9442818784803984 0.15769710242185286 0.34020775883081156 0.9475812586774531 0.1609399951643492 
1737148681.1515276 2.957899198913574 9.524917002105713 0.36758968637098344 0.9458249451173897 0.18159957812657537 2.955985333470587 9.527382797446341 0.33922782159805903 0.9478334776529034 0.1574671773209413 0.34091116247269104 0.9510903646696728 0.1627325968732244 
1737148681.171521 2.96304045715332 9.531815882110596 0.36758968637098344 0.9503837254776352 0.18159957812657537 2.9601581395564893 9.532914294519838 0.3379471404090135 0.951384314643317 0.15723730156253313 0.3364670431677528 0.9546319797475012 0.1614855558323992 
1737148681.1915333 2.966293678665161 9.536425943756104 0.36758968637098344 0.953532972467492 0.18159957812657537 2.964334926472925 9.538451068606452 0.3366652374582384 0.9549385391096927 0.1570072065041098 0.33765622832161746 0.9579513656007129 0.1614255996373307 
1737148681.211483 2.971043215179443 9.543345804595948 0.36758968637098344 0.9569595684304382 0.18159957812657537 2.9684986264089823 9.543970494512447 0.33538735104914946 0.9584816272488429 0.15677783239448634 0.3335798076040426 0.9611382092928776 0.1609564732569258 
1737148681.231521 2.9741312126159665 9.54802357711792 0.36758968637098344 0.9613209959647033 0.18159957812657537 2.972680737686257 9.549514326604104 0.33410381399206096 0.962040382464318 0.15654744402229273 0.334851465939414 0.9642628490124143 0.15948929707000373 
1737148681.2515368 2.97692202129364 9.552689905548096 0.347060462424005 0.9671973946800246 0.20634443662508367 2.976858271008418 9.555052090130676 0.3328216819609615 0.9655952420824365 0.15631730784511655 0.3364437656549889 0.9672045730956214 0.15632448626071327 
1737148681.2714849 2.9819348911285397 9.559858198547364 0.347060462424005 0.9715142579473034 0.20634443662508367 2.981021622621803 9.560571054298023 0.3315439024560239 0.96913803381744 0.15608795292424443 0.33167834138567376 0.9704708043585718 0.15504449933551284 
1737148681.2915418 2.98543499507904 9.564527388000489 0.347060462424005 0.9729817551735543 0.20634443662508367 2.9848020018544283 9.566031835963512 0.3303044168805927 0.9726409485050821 0.15588748625714374 0.33198931544270854 0.9742202381363901 0.15712596921997954 
1737148681.3114865 2.9901757101058957 9.571573610687256 0.347060462424005 0.9784503945181554 0.20634443662508367 2.9889890763768485 9.570531942178178 0.34529708130134995 0.9767074761576946 0.14758448746076272 0.3423950052568133 0.9771687634583155 0.1463028564009228 
1737148681.3315194 2.9937648633956906 9.576257105255127 0.347060462424005 0.9789762744391164 0.20634443662508367 2.992520932456512 9.57616542294504 0.3441049086002308 0.9799730290983231 0.14671779855989123 0.34264368395904266 0.9811048101050239 0.14884633422579877 
1737148681.351518 2.996689663314819 9.581044550323487 0.35540409864731104 0.9828435906947891 0.1847803524840066 2.9960467356551477 9.581789249074772 0.3429147790399876 0.9832329855471938 0.1458525949870418 0.34341526014117285 0.9842998463074186 0.14730885059967133 
1737148681.3715258 3.001194582366943 9.588262434387207 0.35540409864731104 0.9901566388948351 0.1847803524840066 2.999574178175729 9.587415690002059 0.34172409612909055 0.9864944577125824 0.14498698913785307 0.3386839072938401 0.9874899395821032 0.14232028982512118 
1737148681.391519 3.0039003948211667 9.592995520019532 0.35540409864731104 0.9957548082659391 0.1847803524840066 3.003099056628652 9.593038041117785 0.34053427871537006 0.9897535591418791 0.14412201249011813 0.3397661068995727 0.9905337084840502 0.13890091270822924 
1737148681.411483 3.008294806861877 9.599857683563233 0.35540409864731104 1.0008186063398137 0.1847803524840066 3.006618764912364 9.59865214556429 0.33934620648448116 0.9930078802344661 0.1432583045600687 0.33568833447962554 0.9938469727054706 0.13628667092572563 
1737148681.4315376 3.0112674097061154 9.604331369781494 0.35540409864731104 1.0031814731742967 0.1847803524840066 3.010154446076566 9.604291727525455 0.33815274263183626 0.9962769698469692 0.14239067701440547 0.33694038686741656 0.9973042378583229 0.13651344169843163 
1737148681.4515352 3.0144505361557004 9.609009619140625 0.35540409864731104 1.0054727412668687 0.1847803524840066 3.013680081139618 9.609915285470821 0.33696266982550627 0.9995367708377356 0.1415255147006678 0.3376187022140253 1.000817350998522 0.1368701244323212 
1737148681.471524 3.0190814594268796 9.61605393447876 0.35540409864731104 1.008555745359478 0.1847803524840066 3.0172041609485167 9.615536362710813 0.3357731219928736 1.0027951338410366 0.1406607340337135 0.3330254049547414 1.0042628641618205 0.13636785283605604 
1737148681.4915245 3.022068844223022 9.620858068847657 0.35540409864731104 1.0110417900800526 0.1847803524840066 3.020730300418321 9.621160725209274 0.334582878924804 1.006055401206116 0.13979544794264065 0.3337075170111091 1.007510290825099 0.1362639486876871 
1737148681.5116732 3.0251396755218503 9.625675554656983 0.35540409864731104 1.0139468100894704 0.1847803524840066 3.024282584971453 9.626826790376459 0.3333838106232285 1.009339842306427 0.1389237460596947 0.33436831708360354 1.010846240221509 0.13582317619173334 
1737148681.531526 3.029622660064697 9.632714624786377 0.351327606633289 1.0173276354126901 0.18266091820028238 3.027782705459617 9.632409651344467 0.33220235022322986 1.0125760525298535 0.1380648448161611 0.3298591813066574 1.0141689921460657 0.1349062015495367 
1737148681.5515492 3.0325065711975094 9.637343759918213 0.35106955554457103 1.0201943889248464 0.15180221001180297 3.0313128381495433 9.638040383221592 0.33101075924972123 1.0158400120249123 0.1371985788211848 0.33094063315174294 1.0174142136907598 0.13441840358709822 
1737148681.5715263 3.036768541717529 9.6441091255188 0.35106955554457103 1.0229209639609165 0.15180221001180297 3.034834858297537 9.643658175203115 0.32982190665252553 1.0190964706664343 0.13633430357834916 0.327166567046622 1.020703481833914 0.1341168214513467 
1737148681.5915346 3.039679632568359 9.648769731903077 0.35106955554457103 1.024933887811611 0.15180221001180297 3.03836238488591 9.649284750222586 0.32863119536467184 1.022358020560875 0.13546867709960456 0.32816138709058984 1.023944676098529 0.13447946538652247 
1737148681.6114843 3.043570981407165 9.655537004852295 0.35106955554457103 1.028794332785499 0.15180221001180297 3.0418795711358606 9.65489483190362 0.3274439744424812 1.0256100097818963 0.134605588056231 0.3247341991974911 1.026878351838545 0.132689607109277 
1737148681.6315408 3.046136365318298 9.660168047332764 0.35106955554457103 1.0327219294402992 0.15180221001180297 3.0454155885712306 9.660534950233513 0.32625039708200987 1.0288794103106083 0.13373787799234432 0.3261412846240332 1.0297985964007697 0.1308145449528148 
1737148681.6515195 3.0487018684387204 9.664691324615479 0.343097765486293 1.0359523028571809 0.18448038094629077 3.0489379029564962 9.666153211537674 0.32506144516546603 1.0321361410038132 0.13287353054606316 0.3276757529464361 1.0327742293474358 0.12969545703631807 
1737148681.6715064 3.0528098205566403 9.671358938598633 0.343097765486293 1.039753241524454 0.18448038094629077 3.052461646494227 9.671773752408937 0.3238720108406598 1.0353941930909054 0.13200883239733235 0.3242123591145429 1.0359900399835995 0.12824563085647794 
1737148681.6914926 3.0555553297042843 9.675959940338135 0.343097765486293 1.0421569283674688 0.18448038094629077 3.0559852639302694 9.677394092141926 0.3226826190812885 1.0386521285844192 0.13114416519293534 0.32544516388839323 1.0390685459653135 0.1280557827907801 
1737148681.7114937 3.0582344392776486 9.680425997161866 0.343097765486293 1.045042978151534 0.18448038094629077 3.0595115295017616 9.68301865577866 0.32149233344778394 1.041912512543077 0.1302788481575287 0.32696964015631713 1.0421521821595428 0.12738805216553742 
1737148681.7314847 3.062253103637695 9.687158937835694 0.343097765486293 1.0486955978809895 0.18448038094629077 3.063035987615725 9.688640336433473 0.32030265791884655 1.0451712253271128 0.12941397465757304 0.323483694762949 1.0452482815857689 0.12596665836235238 
1737148681.7515504 3.064762697601318 9.691906805419922 0.34338551502913334 1.0525792166951728 0.12407178923753596 3.06657364437304 9.694283069560921 0.31910852720772126 1.0484421415723424 0.12854586231734708 0.3247379947652737 1.0479949687088772 0.12396161433105143 
1737148681.7715273 3.0688246349334714 9.698755617523194 0.34338551502913334 1.0557723771654473 0.12407178923753596 3.0700956224871376 9.699900794496353 0.31791968879900384 1.0516985613493386 0.1276815973892894 0.3210068830892617 1.051074845080672 0.12298406530451408 
1737148681.7915509 3.0714950422286984 9.703369017028809 0.34338551502913334 1.0571609047126453 0.12407178923753596 3.0732691643992354 9.705379864092057 0.31664061914006153 1.0547661707408886 0.12727919733319237 0.32162698660758504 1.0541244546539115 0.1242427472744585 
1737148681.8114915 3.075414643669128 9.710397596740723 0.34338551502913334 1.0587770494242832 0.12407178923753596 3.0746198539567127 9.709571979542563 0.3413610511128721 1.060566250142261 0.11752856647297893 0.33925468036057416 1.0609044656374007 0.11965598268609645 
1737148681.8315272 3.078094110870361 9.71524130859375 0.34338551502913334 1.0604834979548678 0.12407178923753596 3.0776540687973313 9.715358002911728 0.33998862316592293 1.0631997627199714 0.11704371412333324 0.33977598747627324 1.0637137995762846 0.12027401574475004 
1737148681.8515258 3.080685243988037 9.719999189758301 0.34306122426559543 1.0635719003386441 0.12297382205470608 3.080682651081484 9.721133285412153 0.33861874292185973 1.0658283865837719 0.11655976182802788 0.34050219817701716 1.066470745749824 0.11945860723920768 
1737148681.871517 3.084520564460754 9.727046366119385 0.34306122426559543 1.0682850426089214 0.12297382205470608 3.08371011407557 9.726906433509171 0.3372493689520879 1.0684560389723725 0.11607598838967477 0.3362749366281537 1.0692057025498407 0.11699664833059405 
1737148681.8915346 3.0871595005035397 9.731703634643555 0.34306122426559543 1.070612093620313 0.12297382205470608 3.086741584850218 9.732687224147412 0.3358781821937242 1.0710871698689475 0.11559157452804104 0.3371380062147902 1.0720643952488604 0.11704387615658852 
1737148681.911482 3.09099935092926 9.738834257507325 0.34306122426559543 1.0728921603550707 0.12297382205470608 3.0897624404222963 9.738447772379176 0.33451179687541477 1.073709087420077 0.1151088569226641 0.3327456466196298 1.0747618572994637 0.11697855386705708 
1737148681.9315288 3.0936399559020993 9.743539686584473 0.34306122426559543 1.0749611075120178 0.12297382205470608 3.0927983161449495 9.744236962927586 0.33313861768274283 1.0763440415416325 0.11462373917237959 0.33354590675319074 1.0775936461035187 0.1172562777638805 
1737148681.9515367 3.0962623218536374 9.748334284210205 0.3386371314390135 1.0771263888353282 0.0903037730303279 3.095828306568219 9.750014930645195 0.3317681005129581 1.0789738875839108 0.11413956186348914 0.33419342596312157 1.0803632558234488 0.11737642885160979 
1737148681.971532 3.100207434082031 9.755536432647705 0.3386371314390135 1.0814790564815646 0.0903037730303279 3.098856419472666 9.755789318073223 0.3303984325774687 1.0816021040548855 0.11365568457271215 0.32961632271151986 1.0831511250604526 0.11532775315160017 
1737148681.9915764 3.102894292259216 9.760397787475586 0.3386371314390135 1.0846606402207206 0.0903037730303279 3.101891934134007 9.761577820104405 0.3290254166990843 1.0842367447973444 0.11317062451821869 0.33011676881396484 1.0859350799759202 0.11444506427341827 
1737148682.0116315 3.106631503486633 9.767399664306641 0.3386371314390135 1.0879287246436198 0.0903037730303279 3.104929073571252 9.76736942046311 0.3276516659064059 1.0868727957457387 0.1126853048326655 0.3260958774902656 1.0886361911881144 0.11339277137716011 
1737148682.0315409 3.1093383888244626 9.772388334655762 0.3386371314390135 1.0921105574611019 0.0903037730303279 3.1079441521623403 9.773118952419242 0.3262878936166974 1.0894896992313197 0.11220351035994533 0.3262920129369521 1.091348995953947 0.11144194885279055 
1737148682.0515585 3.1118427375793454 9.777352686309815 0.34710416131287103 1.093259623481383 0.14456466025595094 3.110975622936988 9.778899743057481 0.3249167068583337 1.0921208301278946 0.11171909649831159 0.32676688780382634 1.0938289455859207 0.11228841860284934 
1737148682.071523 3.1157791475296017 9.784923429870606 0.34710416131287103 1.097235741138448 0.14456466025595094 3.113999042044381 9.784665179761559 0.3235491620085826 1.0947449726706113 0.11123596925281821 0.3215630787878171 1.0964318756127776 0.11043210372714786 
1737148682.0915217 3.1185046295166012 9.790017958068848 0.34710416131287103 1.1016130588766448 0.14456466025595094 3.117027660434665 9.790440531113704 0.3221792654330906 1.0973736278723216 0.11075201118793375 0.321614387787782 1.0991104967710679 0.10824944908235677 
1737148682.1114824 3.1222088197708127 9.797328825378418 0.34710416131287103 1.1054537400705067 0.14456466025595094 3.120050501843959 9.796204866190218 0.3208119818861996 1.0999972690084834 0.11026897625570604 0.31704872842469506 1.1016263807173508 0.10644161690255012 
1737148682.1314821 3.124602899932861 9.802100057983399 0.34710416131287103 1.1068397716073213 0.14456466025595094 3.123079264658768 9.801980492949255 0.31944201998499255 1.1026260495618323 0.10978499511250517 0.3179329657587003 1.1041307621226883 0.10707598562787224 
1737148682.151547 3.127501593017578 9.80695330657959 0.3469906563795014 1.108172922775635 0.21330902539692728 3.126117884447391 9.80777491622859 0.31806759960373515 1.1052633853645235 0.1092994388742087 0.31828235654317266 1.107113897089542 0.10824041318811575 
1737148682.1714826 3.1311136344909665 9.814265127563477 0.3469906563795014 1.1119913833226456 0.21330902539692728 3.12913693471291 9.81353202187422 0.31670203085686355 1.1078837360201692 0.10881700974778699 0.3137786058555231 1.1095452092347757 0.10637083565991715 
1737148682.191524 3.1328635076522824 9.819075937652588 0.3469906563795014 1.1125027679142174 0.21330902539692728 3.132172016100677 9.81931969768473 0.3153292109556242 1.1105180007077118 0.10833201892824279 0.31516055370237456 1.111356991238994 0.10718624225301937 
1737148682.2114818 3.1355124572753903 9.824161405944825 0.3469906563795014 1.1173925977177461 0.21330902539692728 3.1351944242363965 9.82508320654057 0.31396212338587826 1.1131412657889574 0.10784905323096433 0.31526630493882263 1.1139396712409537 0.10439612675417193 
1737148682.231526 3.1390330652236935 9.831339712524414 0.3469906563795014 1.120433317612899 0.21330902539692728 3.1382299027916067 9.830871639720032 0.3125891238389226 1.1157758751935067 0.10736399894604998 0.31111963849558055 1.116370396419422 0.10330107775257291 
1737148682.2515266 3.141497955703735 9.836128588104248 0.3469906563795014 1.1224095288933973 0.21330902539692728 3.14125881003094 9.83664754188596 0.3112190966120006 1.1184047810984943 0.10687999472453268 0.3119072985267108 1.1189142271091719 0.10338469294030726 
1737148682.2715201 3.1450039009094235 9.842942114257813 0.3469906563795014 1.1253522425966749 0.21330902539692728 3.1442866340863382 9.842421378500205 0.3098495593279412 1.1210327468661918 0.10639616359038852 0.30836608701742624 1.1215163832862518 0.10256030427996544 
1737148682.291554 3.1472014049530026 9.847458715820313 0.3469906563795014 1.1270072791511982 0.21330902539692728 3.1469932018106443 9.847958082982428 0.30832465000018755 1.1235848884902042 0.106321610815332 0.3090090632513156 1.1240502387355584 0.10336457039969217 
1737148682.3114855 3.150333152198791 9.854295130157471 0.3348590910280728 1.129094813130269 0.12099102829885766 3.149938235796914 9.853908588277289 0.34450403279592945 1.1293493747056482 0.0950755203340865 0.343519427910626 1.1295786152467 0.09555932245051757 
